Country,Country,3TC | Actual,3TC | Computed,3TC | Diff (Comp-Act),ABC | Actual,ABC | Computed,ABC | Diff (Comp-Act),AZT | Actual,AZT | Computed,AZT | Diff (Comp-Act),ddl | Actual,ddl | Computed,ddl | Diff (Comp-Act),d4T | Actual,d4T | Computed,d4T | Diff (Comp-Act),EFV | Actual,EFV | Computed,EFV | Diff (Comp-Act),FTC | Actual,FTC | Computed,FTC | Diff (Comp-Act),LPV/r | Actual,LPV/r | Computed,LPV/r | Diff (Comp-Act),NVP | Actual,NVP | Computed,NVP | Diff (Comp-Act),TDF | Actual,TDF | Computed,TDF | Diff (Comp-Act),ATV/r | Actual,ATV/r | Computed,ATV/r | Diff (Comp-Act),Overall | Actual,Overall | Computed,Overall | Diff (Comp-Act)
Afghanistan,Albania,35.66780209,35.742464789285144,0.0746626992851418,3.483114137,3.483424740325046,0.00031060332504617705,15.83156254,15.859607825914166,0.028045285914165774,0.1026422272,0.10264222719528339,-4.716615986666284e-12,0.5238357521,0.5238357521197289,1.9728885192193957e-11,21.36337968,21.42065458175489,0.05727490175488725,7.057697955,7.07873778317034,0.021039828170340336,4.612259383,4.618749150100792,0.0064897671007919655,16.42590132,16.456618153235524,0.03071683323552321,23.74915871,23.113527686494425,-0.6356310235055744,0.4126282835,0.4138493039980119,0.001221020498011871,129.2299821,128.81411199359334,-0.41587010640665767
Albania,Algeria,0.0,0.0,0.0,0.0,0.0,0.0,0.0,0.0,0.0,0.0,0.0,0.0,0.0,0.0,0.0,0.0,0.0,0.0,0.0,0.0,0.0,0.0,0.0,0.0,0.0,0.0,0.0,0.0,0.0,0.0,0.0,0.0,0.0,0.0,0.0,0.0
Algeria,Antigua and Barbuda,186.1668323,189.85828978332148,3.6914574833214715,3.71423875,3.72574228408501,0.011503534085010259,70.80180194,72.08813870783382,1.2863367678338165,0.08826703707,0.08826703707307837,3.0783708915294028e-12,0.4559254035,0.45592540352179795,2.179795233203663e-11,140.0148999,143.00687062453696,2.9919707245369693,49.1322222,50.157410779700406,1.025188579700405,15.75486505,16.005256276520008,0.25039122652000856,77.09206589,78.52095336890075,1.428887478900748,164.9928191,164.127474797634,-0.8653443023659975,2.513475486,2.558872131252353,0.045396645252353096,710.7274131,720.5932011943796,9.865788094379582
American Samoa,Argentina,0.0,0.054960460687768366,0.054960460687768366,0.0,0.00021928793758632686,0.00021928793758632686,0.0,0.020440843554354854,0.020440843554354854,0.0,0.0,0.0,0.0,0.0,0.0,0.0,0.04252129385094447,0.04252129385094447,0.0,0.015477831449079833,0.015477831449079833,0.0,0.004610894755255576,0.004610894755255576,0.0,0.022443534331212357,0.022443534331212357,0.0,0.04987412194746695,0.04987412194746695,0.0,0.0008625691994358085,0.0008625691994358085,0.0,0.21141083771310454,0.21141083771310454
Andorra,Armenia,0.1769268888,0.17692688879003476,-9.965223091157327e-12,0.000705924442,0.0007059244420592482,5.924817927938086e-14,0.06580248435,0.06580248435073094,7.309430838375874e-13,0.0,0.0,0.0,0.0,0.0,0.0,0.1368831362,0.1368831362443209,4.43209080547291e-11,0.04982572069,0.04982572069509053,5.090532162466133e-12,0.01484323918,0.014843239182804282,2.8042811128781153e-12,0.07224947995,0.07224947995309407,3.094066669540041e-12,0.1652872655,0.16055311612888176,-0.00473414937111824,0.002776754105,0.0027767541049060524,-9.394785296934494e-14,0.6853008932,0.6805667438919226,-0.004734149308077362
Angola,Azerbaijan,1085.331064,1072.832953675887,-12.498110324112986,84.82324472,84.77505297918029,-0.048191740819717666,466.4270296,461.8157832347388,-4.611246365261252,2.455044855,2.455044855470437,4.704370226704668e-10,12.55246681,12.552466809595435,-4.0456527017340704e-10,689.470875,679.7364975669507,-9.734377433049303,232.3995389,228.8819735977096,-3.5175653022904214,128.1310753,127.11241142225944,-1.0186638777405506,489.156981,484.08400408306636,-5.072976916933612,780.4091668,746.7128650743697,-33.69630172563029,13.0924953,12.902837616075455,-0.18965768392454407,3984.248983,3913.8618909153033,-70.38709208469663
Anguilla,Bahamas,0.0,0.0,0.0,0.0,0.0,0.0,0.0,0.0,0.0,0.0,0.0,0.0,0.0,0.0,0.0,0.0,0.0,0.0,0.0,0.0,0.0,0.0,0.0,0.0,0.0,0.0,0.0,0.0,0.0,0.0,0.0,0.0,0.0,0.0,0.0,0.0
Antigua and Barbuda,Bahrain,0.8265182264,0.8265182264536824,5.368250288739773e-11,0.00329774305,0.003297743049975442,-2.4558046568534664e-14,0.307397892,0.30739789205447005,5.4470039589915586e-11,0.0,0.0,0.0,0.0,0.0,0.0,0.639452871,0.6394528710349775,3.4977465368513094e-11,0.2327620555,0.23276205545870818,-4.1291831065493056e-11,0.06934054969,0.06934054969314644,3.1464414407267327e-12,0.3375151874,0.3375151874393646,3.936456716147063e-11,0.7721434454,0.7500277527173115,-0.022115692682688537,0.01297167374,0.012971673744902245,4.90224527638361e-12,3.201399644,3.1792839516465383,-0.022115692353461558
Argentina,Bangladesh,3783.17524,3835.5976567027737,52.42241670277372,122.2568016,122.43660338239222,0.179801782392218,1502.665107,1521.432508405307,18.767401405307055,3.136901173,3.1369011725742917,-4.257083574543685e-10,16.20302415,16.20302414512729,-4.872710235304112e-09,2719.586642,2761.342505029492,41.75586302949159,953.9801015,968.6532306068643,14.67312910686428,350.7388265,354.6033417567929,3.8645152567928562,1618.611918,1639.3783654280523,20.766447428052288,3192.017671,3153.3760456117507,-38.641625388249395,50.92785033,51.63657098118394,0.7087206511839383,14313.30008,14427.796753222308,114.49667322230744
Armenia,Barbados,5.906417992,6.067449855051748,0.16103186305174866,0.02398832805,0.024616392137667552,0.0006280640876675514,2.206146201,2.265725052779588,0.05957885177958788,0.0,0.0,0.0,0.0,0.0,0.0,4.553170884,4.678310828159978,0.12513994415997765,1.663949792,1.709285582755385,0.045335790755385075,0.5030584231,0.5163116549111172,0.01325323181111715,2.419804171,2.485307314887133,0.06550314388713296,5.511532289,5.497166236341412,-0.014366052658587591,0.09433430596,0.09680563984890651,0.00247133388890651,22.88240239,23.340978556872937,0.45857616687293756
Aruba,Belarus,0.0,0.0,0.0,0.0,0.0,0.0,0.0,0.0,0.0,0.0,0.0,0.0,0.0,0.0,0.0,0.0,0.0,0.0,0.0,0.0,0.0,0.0,0.0,0.0,0.0,0.0,0.0,0.0,0.0,0.0,0.0,0.0,0.0,0.0,0.0,0.0
Australia,Bhutan,28.29496571,28.20148100590473,-0.0934847040952711,0.4196127554,0.4193224862957055,-0.0002902691042944716,10.59212153,10.559580119602321,-0.03254141039767866,0.009244046329,0.009244046328681128,-3.1887166518362875e-13,0.04771365792,0.04771365791644804,-3.551957339364975e-12,21.62148955,21.545670547414915,-0.07581900258508512,7.61552487,7.5895715711813105,-0.02595329881868924,2.326812355,2.3204913146427413,-0.006321040357258667,11.58183295,11.545680535183445,-0.036152414816555734,25.56709452,24.81764450916813,-0.7494500108318718,0.3883414316,0.3871958875018507,-0.0011455440981493203,108.4647534,107.44359568114028,-1.021157718859726
Austria,Bolivia (Plurinational State of),0.0,0.0,0.0,0.0,0.0,0.0,0.0,0.0,0.0,0.0,0.0,0.0,0.0,0.0,0.0,0.0,0.0,0.0,0.0,0.0,0.0,0.0,0.0,0.0,0.0,0.0,0.0,0.0,0.0,0.0,0.0,0.0,0.0,0.0,0.0,0.0
Azerbaijan,Bosnia and Herzegovina,25.9344138,26.32935165397514,0.39493785397514003,0.4094426646,0.4109725369927335,0.0015298723927335,9.971884205,10.117762219128611,0.1458780141286109,0.00893784553,0.008937845529750119,-2.4988171254403113e-13,0.04608649812,0.046086498121620426,1.6204260155916472e-12,19.37491097,19.68223662633697,0.30732565633697106,7.00204341,7.1132118951889,0.11116848518889988,2.328492877,2.3608087717879798,0.032315894787979804,10.84517862,11.005623010495954,0.16044439049595383,23.23726794,22.922279236935495,-0.314988703064504,0.3955959245,0.40161631694164684,0.006020392441646871,99.55425475,100.3988866114348,0.8446318614348058
Bahamas,Brazil,0.0,0.0,0.0,0.0,0.0,0.0,0.0,0.0,0.0,0.0,0.0,0.0,0.0,0.0,0.0,0.0,0.0,0.0,0.0,0.0,0.0,0.0,0.0,0.0,0.0,0.0,0.0,0.0,0.0,0.0,0.0,0.0,0.0,0.0,0.0,0.0
Bahrain,Bulgaria,38.03194226,38.0319422637266,3.726597697095713e-09,0.1517444737,0.1517444737007262,7.261968804073149e-13,14.14480469,14.144804686000493,-3.99950828011697e-09,0.0,0.0,0.0,0.0,0.0,0.0,29.42419646,29.424196458345527,-1.6544738912216417e-09,10.71046321,10.710463207054275,-2.9457254413500777e-09,3.190680735,3.190680735233121,2.3312107799711157e-10,15.53064132,15.530641322819172,2.8191706746838463e-09,35.52990605,34.5122603163016,-1.0176457336984015,0.5968869544,0.5968869543830523,-1.6947665493205477e-11,147.3112661,146.29362041756454,-1.0176456824354716
Bangladesh,Burundi,96.36547235,97.23262303106742,0.8671506810674146,5.811427933,5.8149269354343796,0.0034990024343795056,40.3528013,40.676237194580146,0.3234358945801432,0.1645177058,0.1645177057638126,-3.618738642074959e-11,0.8420048874,0.8420048873704442,-2.9555802250058605e-11,63.99663366,64.66595697672322,0.6693233167232222,22.17149326,22.415785560583544,0.24429230058354534,10.71141323,10.784868737882917,0.0734555078829171,42.69378892,43.04869181446032,0.35490289446031653,74.03099208,72.64023706916603,-1.3907550108339706,1.277250834,1.291012102660642,0.01376126866064209,358.4177962,359.57686201569294,1.1590658156929408
Barbados,Cambodia,17.2586914,17.389547714114357,0.13085631411435728,0.06814839036,0.0686307279157016,0.0004823375557015952,6.402401315,6.450142141885731,0.04774082688573156,0.0,0.0,0.0,0.0,0.0,0.0,13.380694,13.483512422121407,0.10281842212140724,4.859011923,4.895782302560529,0.03677037956052942,1.435122309,1.445385209326145,0.010262900326144964,7.033786498,7.086432459686174,0.052645961686173415,16.13411664,15.79659021912553,-0.33752642087446816,0.2681005106,0.26999992554116464,0.0018994149411646344,66.84007299,66.88602312227674,0.045950132276743716
Belarus,Cameroon,131.7777158,133.98233091792318,2.2046151179231686,1.052728362,1.0614879603748577,0.008759598374857624,49.84185608,50.66116049316451,0.8193044131645095,0.01494154053,0.014941540526451299,-3.5487012634005666e-12,0.07716629599,0.07716629599079204,7.920469835553945e-13,100.3103669,102.01729576623585,1.7069288662358417,36.60652843,37.22745144941607,0.6209230194160753,11.51594422,11.700270288969133,0.18432606896913306,54.4774398,55.377264529671436,0.8998247296714368,121.2299825,119.66324517494849,-1.5667373250515197,2.093400962,2.127859428611443,0.03445846661144314,508.9980709,513.9104738458323,4.912402945832241
Belgium,Cape Verde,0.0,0.0,0.0,0.0,0.0,0.0,0.0,0.0,0.0,0.0,0.0,0.0,0.0,0.0,0.0,0.0,0.0,0.0,0.0,0.0,0.0,0.0,0.0,0.0,0.0,0.0,0.0,0.0,0.0,0.0,0.0,0.0,0.0,0.0,0.0,0.0
Belize,Chile,14.64897557,14.631712709900413,-0.017262860099586774,0.6940941926,0.6940312432052693,-6.294939473072692e-05,6.037697249,6.031416479282523,-0.0062807697174767085,0.01871563721,0.01871563720877538,-1.224621098971923e-12,0.09646223021,0.09646223020534547,-4.654526764014122e-12,10.04816758,10.034575424711964,-0.013592155288035812,3.492806463,3.487957950514685,-0.004848512485315037,1.482417749,1.48107628129753,-0.0013414677024699007,6.43567381,6.428743983909126,-0.006929826090874336,11.68234496,11.339676449001123,-0.34266851099887674,0.1916908475,0.19144292072934144,-0.00024792677065857416,54.82904629,54.435811309966105,-0.39323498003389545
Benin,China,400.556193,395.28116527159136,-5.275027728408645,30.52022018,30.50120493881021,-0.0190152411897877,171.8544625,169.9409362841666,-1.9135262158334,0.8747829865,0.8747829864629778,-3.7022163112965245e-11,4.482264043,4.4822640428615195,-1.3848033830754503e-10,255.9980365,251.8355145382194,-4.162521961780612,85.84425354,84.36350781010003,-1.4807457298999651,46.00300049,45.59711695091912,-0.40588353908087527,180.47193,178.35946533884496,-2.1124646611550304,289.014673,276.1967975586514,-12.817875441348633,4.68317499,4.608271707919331,-0.07490328208066899,1470.302991,1442.0410274285468,-28.26196357145318
Bermuda,Colombia,0.8773595101,0.8773595101021401,2.1400659022674517e-12,0.003500595793,0.003500595793493165,4.931649706663155e-13,0.3263067351,0.32630673510556163,5.5616067307084904e-12,0.0,0.0,0.0,0.0,0.0,0.0,0.6787872786,0.6787872786204001,2.0400126032882326e-11,0.2470798543,0.24707985427477264,-2.5227375743952507e-11,0.07360586707,0.0736058670720691,2.0691087732060964e-12,0.3582766236,0.35827662358323975,-1.676025984664875e-11,0.819639995,0.7961639085813261,-0.023476086418673825,0.0137695951,0.013769595101203739,1.2037384977681143e-12,3.398326055,3.3748499682342064,-0.023476086765793713
Bhutan,Cote d'Ivoire,1.018766015,1.0187660146696866,-3.3031333224187165e-10,0.004138644036,0.004138644035132819,-8.67181326746902e-13,0.3805487001,0.3805487000693232,-3.0676849949173857e-11,0.0,0.0,0.0,0.0,0.0,0.0,0.7853120816,0.7853120814020472,-1.979527652906654e-10,0.2870068419,0.28700684188035697,-1.96430094412392e-11,0.08678810967,0.08678810965763108,-1.236892532840983e-11,0.4173974705,0.4173974704479967,-5.200329056265218e-11,0.9506391159,0.9228966017320852,-0.027742514167914845,0.01627519505,0.016275195042368483,-7.631516946160488e-12,3.946872174,3.9191296589366282,-0.027742515063371886
Bolivia,Croatia,28.95903395,9.398926175444254,-19.560107774555746,0.1031993158,0.03750097999083933,-0.06569833580916067,10.45157603,3.495639904160123,-6.955936125839877,0.0,0.0,0.0,0.0,0.0,0.0,22.91666465,7.271673068023302,-15.644991581976699,8.109017686,2.6469027611016127,-5.462114924898387,2.203913468,0.7885206722263728,-1.4153927957736272,11.54094645,3.838125074924273,-7.702821375075727,27.2523059,8.5290986353335,-18.7232072646665,0.4065270656,0.14751012137191752,-0.2590169442280825,111.9431845,36.15389739257619,-75.7892871074238
"Bonaire, Saint Eustatius and Saba",Cuba,0.0,0.0,0.0,0.0,0.0,0.0,0.0,0.0,0.0,0.0,0.0,0.0,0.0,0.0,0.0,0.0,0.0,0.0,0.0,0.0,0.0,0.0,0.0,0.0,0.0,0.0,0.0,0.0,0.0,0.0,0.0,0.0,0.0,0.0,0.0,0.0
Bosnia and Herzegovina,Democratic Republic of the Congo,0.0,0.0,0.0,0.0,0.0,0.0,0.0,0.0,0.0,0.0,0.0,0.0,0.0,0.0,0.0,0.0,0.0,0.0,0.0,0.0,0.0,0.0,0.0,0.0,0.0,0.0,0.0,0.0,0.0,0.0,0.0,0.0,0.0,0.0,0.0,0.0
Botswana,Djibouti,2332.291709,2348.382976801233,16.09126780123279,99.9827681,100.03516324303038,0.052395143030381064,947.0652812,952.7437759874183,5.6784947874183445,2.655487925,2.6554879250654073,6.540723518355662e-11,13.71638206,13.71638205982078,-1.7922019424077007e-10,1630.740964,1643.6810029919277,12.940038991927622,562.1364243,566.623006944726,4.4865826447259,223.1478707,224.28187452079962,1.1340038207996201,1013.53278,1019.8299285763426,6.297148576342579,1889.837275,1854.7161191825417,-35.12115581745843,29.30053281,29.507191847090343,0.2066590370903434,8744.407475,8756.172910079995,11.765435079994859
Brazil,Dominica,26289.59234,26379.35855981676,89.76621981675999,698.9335161,699.250983210581,0.3174671105809921,10268.91329,10301.314024777146,32.40073477714577,17.60241657,17.602416567409946,-2.590052616824323e-09,90.67223413,90.67223413342222,3.422215399950801e-09,19232.99969,19304.091285293394,71.09159529339377,6809.368921,6834.541633007496,25.172712007495647,2405.368229,2412.1628203245027,6.794591324502562,11107.3162,11143.118080731272,35.80188073127283,22729.25285,22183.174388302403,-546.078461697598,368.4834049,369.7342612079323,1.250856307932338,100018.5031,99735.02068737234,-283.4824126276653
British Virgin Islands,Dominican Republic,0.0,0.0,0.0,0.0,0.0,0.0,0.0,0.0,0.0,0.0,0.0,0.0,0.0,0.0,0.0,0.0,0.0,0.0,0.0,0.0,0.0,0.0,0.0,0.0,0.0,0.0,0.0,0.0,0.0,0.0,0.0,0.0,0.0,0.0,0.0,0.0
Brunei Darussalam,Egypt,0.0,0.0,0.0,0.0,0.0,0.0,0.0,0.0,0.0,0.0,0.0,0.0,0.0,0.0,0.0,0.0,0.0,0.0,0.0,0.0,0.0,0.0,0.0,0.0,0.0,0.0,0.0,0.0,0.0,0.0,0.0,0.0,0.0,0.0,0.0,0.0
Bulgaria,El Salvador,0.0,0.0,0.0,0.0,0.0,0.0,0.0,0.0,0.0,0.0,0.0,0.0,0.0,0.0,0.0,0.0,0.0,0.0,0.0,0.0,0.0,0.0,0.0,0.0,0.0,0.0,0.0,0.0,0.0,0.0,0.0,0.0,0.0,0.0,0.0,0.0
Burkina Faso,Eritrea,577.0084996,557.7514069817136,-19.257092618286492,36.2897442,36.22191865205226,-0.06782554794774143,239.9573743,233.01414770617018,-6.94322659382982,1.034342709,1.0343427089264356,-7.356426579008257e-11,5.293786539,5.293786538589158,-4.1084202706542783e-10,385.2293551,369.966607166212,-15.262747933788035,131.0436506,125.64473684914948,-5.398913750850525,62.55339676,61.10093027994529,-1.45246648005471,254.0985612,246.42502376756096,-7.673537432439048,440.4852262,410.76201347675647,-29.723212723243535,7.064369443,6.797114780782022,-0.26725466221797856,2140.058307,2054.0120289078577,-86.04627809214207
Burundi,Fiji,2295.019424,2176.4927951623717,-118.52662883762832,131.4326954,131.01458862151608,-0.4181067784839172,943.3816815,900.6290581171128,-42.752623382887236,3.727011885,3.727011885168065,1.6806511737854635e-10,19.06949261,19.06949260857954,-1.4204601939127315e-09,1557.470086,1463.5557246235076,-93.91436137649248,533.3556854,500.1227070402621,-33.23297835973784,242.9998262,234.04810275550517,-8.951723444494831,1002.377931,955.1318517843204,-47.24607921567963,1790.824206,1633.0232237083974,-157.80098229160262,28.74689879,27.09945569127716,-1.6474430987228388,8548.404939,8043.9140119980175,-504.4909270019825
Cambodia,Finland,3983.284772,3983.284772430735,4.3073487177025527e-07,14.90124281,14.901242806985325,-3.0146747320713985e-09,1457.168045,1457.1680454525601,4.5256024350237567e-07,0.0,0.0,0.0,0.0,0.0,0.0,3121.9678,3121.9678000056806,5.68070390727371e-09,1118.957463,1118.9574626577255,-3.422744612180395e-07,316.1996189,316.19961885796573,-4.203428716209601e-08,1605.410244,1605.4102444227708,4.227708814141806e-07,3736.778155,3636.693771656775,-100.084383343225,58.6645718,58.66457180204358,2.0435848568922665e-09,15413.33191,15313.24753009324,-100.08437990676066
Cameroon,Gambia,38770.31738,38011.556970852034,-758.7604091479661,1603.05981,1600.1158872177725,-2.943922782227446,15553.8007,15273.4286121787,-280.3720878212989,44.30764196,44.30764195534274,-4.657259466966934e-09,226.348916,226.3489160204239,2.042389724010718e-08,27271.73787,26681.48580920209,-590.2520607979095,9613.15808,9399.570457069818,-213.58762293018117,3946.17001,3883.9995985420414,-62.17041145795838,16660.73268,16352.391853299534,-308.340826700467,32035.34814,30419.208695151872,-1616.139444848126,543.1106059,531.5258680852451,-11.58473781475493,146268.0918,142423.94030957486,-3844.151490425138
Canada,Georgia,34.19983393,34.19983392789219,-2.1078037093502644e-09,0.1364546613,0.13645466129637862,-3.621380972873567e-12,12.71957051,12.719570508631904,-1.368096747000891e-09,0.0,0.0,0.0,0.0,0.0,0.0,26.45940681,26.459406815435333,5.435332184333674e-09,9.631274165,9.631274165069787,6.978595479267824e-11,2.869186919,2.869186919385205,3.852047569807837e-10,13.96576989,13.965769887610012,-2.3899886514300306e-09,31.94990353,31.034796043520412,-0.9151074864795881,0.5367444705,0.5367444705314274,3.1427416224971694e-11,132.4681449,131.55303739937264,-0.9151075006273572
Cape Verde,Greece,14.04686789,14.269697842320051,0.2228299523200512,0.05609492273,0.056934977812491835,0.0008400550824918321,5.225414719,5.307172784082842,0.081758065082842,0.0,0.0,0.0,0.0,0.0,0.0,10.8657228,11.040046017163695,0.17432321716369437,3.95592775,4.018597647633654,0.06266989763365416,1.179336939,1.197152900773964,0.017815961773964162,5.737089208,5.827142811621526,0.09005360362152537,13.12201527,12.949102708299618,-0.17291256170038238,0.2206466974,0.22395376039451953,0.003307062994519522,54.40911619,54.88980145010237,0.4806852601023692
Cayman Islands,Grenada,0.0,0.0,0.0,0.0,0.0,0.0,0.0,0.0,0.0,0.0,0.0,0.0,0.0,0.0,0.0,0.0,0.0,0.0,0.0,0.0,0.0,0.0,0.0,0.0,0.0,0.0,0.0,0.0,0.0,0.0,0.0,0.0,0.0,0.0,0.0,0.0
Central African Republic,Guatemala,620.3770087,623.4368215427505,3.059812842750489,33.74666072,33.75866125770034,0.012000537700338043,255.7911015,256.92469494602,1.1335934460200008,0.952325034,0.9523250339653533,-3.464672992947726e-11,4.869860915,4.869860914689523,-3.10476977460894e-10,420.4892667,422.8644698889624,2.3752031889624163,146.2771506,147.1387031479289,0.861552547928909,66.91535921,67.1683800550242,0.25302084502419575,271.7605361,273.00646103048666,1.2459249304866375,488.3886384,477.00199758673705,-11.386640813262943,8.31167615,8.358892642191396,0.04721649219139579,2317.879584,2315.4812680464565,-2.3983159535432605
Chad,Guyana,1037.427118,994.9623288967173,-42.46478910328278,63.29751736,63.137846843914986,-0.15967051608501492,430.8924667,415.32199854455297,-15.570468155447031,1.807741483,1.8077414831234178,1.234177204878506e-10,9.240226442,9.240226442167994,1.6799361901576049e-10,693.9033753,660.6655692437603,-33.23780605623972,238.3712877,226.42939053600034,-11.94189716399967,113.7295092,110.34190741190436,-3.387601788095637,456.4724464,439.31976903014896,-17.152677369851062,798.4337679,737.0885301983021,-61.3452377016979,13.25471593,12.626114793060209,-0.6286011369397908,3856.830172,3670.9414234236533,-185.88874857634664
Chile,Honduras,123.016006,123.75380650946693,0.737800509466922,0.4497354048,0.45205636093739787,0.002320956137397856,44.71988757,44.9776921466998,0.2578045766998045,0.0,0.0,0.0,0.0,0.0,0.0,96.85799868,97.4549954169242,0.5969967369242113,34.50956765,34.71465440139967,0.20508675139966925,9.57268735,9.623145620233409,0.05045827023340799,49.32381812,49.610092203878914,0.28627408387891506,115.5749441,113.23653329459897,-2.3384108054010255,1.771069453,1.780227669830076,0.009158216830076116,475.7957143,475.6032036239694,-0.19251067603056526
China,Iran (Islamic Republic of),11785.55032,11785.550315164644,-4.835355866816826e-06,47.87772346,47.87772345196312,-8.036877829908917e-09,4402.36108,4402.361079439489,-5.605106707662344e-07,0.0,0.0,0.0,0.0,0.0,0.0,9084.848647,9084.848645516848,-1.483153027947992e-06,3320.226164,3320.2261628978317,-1.1021684258594178e-06,1004.004471,1004.0044705060893,-4.939106474921573e-07,4828.644477,4828.6444763101745,-6.898253559484147e-07,10997.42725,10676.4891827831,-320.9380672169009,188.2788858,188.27888572936243,-7.063758289405087e-08,45659.21902,45338.2809417995,-320.9380782004955
"China, Hong Kong SAR",Jamaica,0.0,0.0,0.0,0.0,0.0,0.0,0.0,0.0,0.0,0.0,0.0,0.0,0.0,0.0,0.0,0.0,0.0,0.0,0.0,0.0,0.0,0.0,0.0,0.0,0.0,0.0,0.0,0.0,0.0,0.0,0.0,0.0,0.0,0.0,0.0,0.0
"China, Macao SAR",Jordan,0.0,0.0,0.0,0.0,0.0,0.0,0.0,0.0,0.0,0.0,0.0,0.0,0.0,0.0,0.0,0.0,0.0,0.0,0.0,0.0,0.0,0.0,0.0,0.0,0.0,0.0,0.0,0.0,0.0,0.0,0.0,0.0,0.0,0.0,0.0,0.0
Colombia,Kazakhstan,8179.975227,8179.975226951585,-4.841513145947829e-08,29.15041461,29.150414613809673,3.8096743537607836e-09,2952.226692,2952.226691752529,-2.4747123461565934e-07,0.0,0.0,0.0,0.0,0.0,0.0,6473.204508,6473.204508397103,3.9710357668809593e-07,2290.530958,2290.530958026354,2.6353973225923255e-08,622.5331134,622.5331133726811,-2.7318947104504332e-08,3259.938029,3259.9380294585762,4.5857632358092815e-07,7697.880651,7501.885352347021,-195.99529865297973,114.8305337,114.83053374958034,4.958033628099656e-08,31620.27013,31424.274828669237,-195.99530133076405
Comoros,Kenya,1.836154434,1.836154433947921,-5.207900777293162e-11,0.007332520096,0.007332520094814346,-1.185654005531056e-12,0.6830468173,0.6830468171787983,-1.212017153306988e-10,0.0,0.0,0.0,0.0,0.0,0.0,1.420326955,1.420326954502714,-4.972859901641868e-10,0.5171041925,0.5171041924636093,-3.6390668256558456e-11,0.1541585474,0.15415854737679177,-2.320824088464235e-11,0.7499310073,0.749931007205106,-9.489398156148354e-11,1.715261132,1.6660880302019203,-0.049173101798079655,0.02884211733,0.028842117326918056,-3.081944421889915e-12,7.112157722,7.062984620298593,-0.049173101701406985
Congo,Kiribati,426.3333009,426.3333008211799,-7.882010777393589e-08,1.702524275,1.7025242744088795,-5.911204858932706e-10,158.5953768,158.5953767282614,-7.173858307396586e-08,0.0,0.0,0.0,0.0,0.0,0.0,329.7830878,329.7830877201752,-7.982475835888181e-08,120.0654657,120.06546571764787,1.764786361491133e-08,35.7937879,35.79378789595319,-4.046810886393359e-09,174.1250931,174.12509306337202,-3.662796643766342e-08,398.2633086,386.84589718709293,-11.417411412907086,6.69679786,6.696797859327274,-6.727258750061083e-10,1651.358743,1639.941331267419,-11.417411732581058
Cook Islands,Kyrgyzstan,0.0,0.0,0.0,0.0,0.0,0.0,0.0,0.0,0.0,0.0,0.0,0.0,0.0,0.0,0.0,0.0,0.0,0.0,0.0,0.0,0.0,0.0,0.0,0.0,0.0,0.0,0.0,0.0,0.0,0.0,0.0,0.0,0.0,0.0,0.0,0.0
Costa Rica,Lao People's Democratic Republic,25.39057497,25.170968526960163,-0.21960644303983656,0.6071193776,0.6063463302901972,-0.0007730473098027657,9.804784269,9.725615811475508,-0.0791684575244922,0.0152383926,0.015238392599341405,-6.585947065484987e-13,0.07823579623,0.07823579622914552,-8.544831509027517e-13,18.77615151,18.602078072929107,-0.1740734370708914,6.66067702,6.599110124622108,-0.06156689537789184,2.296320777,2.2797648808006548,-0.016555896199345277,10.63247871,10.544980783324549,-0.08749792667545186,22.23095202,21.416306648013443,-0.8146453719865576,0.3594649662,0.3564188866907459,-0.003046079509254118,96.85199781,95.39506425393498,-1.4569335560650245
Cote d'Ivoire,Lebanon,20739.84012,21012.465770262344,272.6256502623437,1181.281993,1182.3097747846566,1.027781784656554,8560.507577,8660.536077408917,100.02850040891644,33.51904289,33.51904289010399,1.0398792937849066e-10,171.3804424,171.38044236947863,-3.0521363214575103e-08,14012.35091,14225.630054012729,213.27914401272938,4839.957017,4916.631726641033,76.67470964103359,2238.183444,2259.98073067841,21.797286678410273,9088.264148,9198.441987559178,110.1778395591773,16193.84639,15982.293146049273,-211.55324395072785,269.9545085,274.00059926492986,4.046090764929886,77329.08559,77917.18935192104,588.1037619210401
Croatia,Lithuania,0.0,0.0,0.0,0.0,0.0,0.0,0.0,0.0,0.0,0.0,0.0,0.0,0.0,0.0,0.0,0.0,0.0,0.0,0.0,0.0,0.0,0.0,0.0,0.0,0.0,0.0,0.0,0.0,0.0,0.0,0.0,0.0,0.0,0.0,0.0,0.0
Cuba,Madagascar,98.76440227,98.49158247496656,-0.2728197950334419,2.409552465,2.408635272631734,-0.0009171923682660399,38.32884227,38.23170387802907,-0.09713839197092966,0.05924748556,0.059247485558741805,-1.2581949371259782e-12,0.3060308203,0.3060308203010941,1.0940692796168605e-12,72.84099246,72.62287757985582,-0.2181148801441708,25.68430701,25.608049940299626,-0.07625706970037527,8.761280268,8.741513358693158,-0.019766909306841995,41.54015781,41.43257892488691,-0.10757888511308522,85.93616343,83.36904643373991,-2.567116996260083,1.357461268,1.3538450751333222,-0.003616192866677803,375.9884376,372.625111244096,-3.3633263559040074
Curacao,Malawi,0.0,0.0,0.0,0.0,0.0,0.0,0.0,0.0,0.0,0.0,0.0,0.0,0.0,0.0,0.0,0.0,0.0,0.0,0.0,0.0,0.0,0.0,0.0,0.0,0.0,0.0,0.0,0.0,0.0,0.0,0.0,0.0,0.0,0.0,0.0,0.0
Cyprus,Malaysia,0.0,0.0,0.0,0.0,0.0,0.0,0.0,0.0,0.0,0.0,0.0,0.0,0.0,0.0,0.0,0.0,0.0,0.0,0.0,0.0,0.0,0.0,0.0,0.0,0.0,0.0,0.0,0.0,0.0,0.0,0.0,0.0,0.0,0.0,0.0,0.0
Czech Republic,Maldives,0.0,1.3789727964547156,1.3789727964547156,0.0,0.005501993555696351,0.005501993555696351,0.0,0.5128662832390569,0.5128662832390569,0.0,0.0,0.0,0.0,0.0,0.0,0.0,1.0668707422890864,1.0668707422890864,0.0,0.38834296964221826,0.38834296964221826,0.0,0.11568859422294149,0.11568859422294149,0.0,0.5631143355013238,0.5631143355013238,0.0,1.251355184290297,1.251355184290297,0.0,0.021642094083582163,0.021642094083582163,0.0,5.304354993278918,5.304354993278918
Democratic People's Republic of Korea,Marshall Islands,0.0,0.0,0.0,0.0,0.0,0.0,0.0,0.0,0.0,0.0,0.0,0.0,0.0,0.0,0.0,0.0,0.0,0.0,0.0,0.0,0.0,0.0,0.0,0.0,0.0,0.0,0.0,0.0,0.0,0.0,0.0,0.0,0.0,0.0,0.0,0.0
Democratic Republic of the Congo,Mauritania,18412.1731,17779.362557929428,-632.8105420705724,1278.33138,1275.92685750286,-2.4045224971400785,7772.995767,7540.357920867123,-232.6378461328777,36.80753611,36.80753610629851,-3.7014942222413083e-09,188.1408219,188.140821890545,-9.45499323279364e-09,12017.7445,11523.447674356848,-494.29682564315226,4090.624926,3912.601935242921,-178.0229907570788,2094.368629,2043.43215367737,-50.93647532263003,8193.817083,7937.681751711276,-256.13533128872405,13719.17557,12752.49033182001,-966.685238179989,228.664484,219.19958332025467,-9.464900679745313,68032.84381,65209.44912442494,-2823.394685575069
Denmark,Mexico,0.0,0.0,0.0,0.0,0.0,0.0,0.0,0.0,0.0,0.0,0.0,0.0,0.0,0.0,0.0,0.0,0.0,0.0,0.0,0.0,0.0,0.0,0.0,0.0,0.0,0.0,0.0,0.0,0.0,0.0,0.0,0.0,0.0,0.0,0.0,0.0
Djibouti,Micronesia (Federated States of),117.4253333,109.28485467978973,-8.140478620210274,3.328256578,3.296114690342602,-0.032141887657398005,45.96551554,42.94478893854089,-3.02072660145911,0.08786720273,0.08786720272937953,-6.204620150995765e-13,0.4482409625,0.44824096249592993,-4.070077608275824e-12,85.33942996,79.02874290364151,-6.310687056358489,30.53478578,28.242332206505928,-2.292453573494072,11.3345262,10.657528314314167,-0.6769978856858341,49.6237935,46.30499730199138,-3.31879619800862,101.4712997,91.1142586958467,-10.357041004153302,1.738274442,1.6118233668289255,-0.12645107517107457,447.2973232,413.0215492630271,-34.27577393697288
Dominica,Mongolia,1.896202174,1.8962021735441694,-4.558304844692884e-10,0.006757365153,0.006757365152928323,-7.167703930388569e-14,0.6843564332,0.6843564331651965,-3.480349342055433e-11,0.0,0.0,0.0,0.0,0.0,0.0,1.500555212,1.500555211729268,-2.70732103402338e-10,0.5309685739,0.5309685739474289,4.742894965659161e-11,0.1443095621,0.14430956206213494,-3.786507218883628e-11,0.755687078,0.7556870779646963,-3.530375991545043e-11,1.784447705,1.7390139842881676,-0.04543372071183249,0.02661889574,0.026618895735499266,-4.500733119527922e-12,7.329902998,7.284469277589489,-0.04543372041051086
Dominican Republic,Montenegro,462.2545693,459.86367566672305,-2.39089363327696,11.21983463,11.211118834397915,-0.008715795602084242,178.9111092,178.04129507150606,-0.8698141284939425,0.2841506236,0.2841506235950855,-4.914457729654487e-12,1.455947524,1.4559475236785848,-3.2141511674410594e-10,340.8804444,338.99783159684875,-1.8826128031512326,121.3850392,120.7135331771965,-0.6715060228034986,42.46493704,42.279193055623026,-0.1857439843769768,193.8797858,192.92007032537052,-0.9597154746294905,404.4631852,390.9189164665097,-13.544268733490298,6.659909368,6.625581985468221,-0.034327382531778916,1763.858912,1743.3113143269175,-20.547597673082464
Ecuador,Morocco,119.060771,122.47168821906388,3.410917219063876,1.079368575,1.0914994732153527,0.012130898215352737,44.61842724,45.85140024137395,1.2329730013739493,0.0179535412,0.017953541196100146,-3.899852663025172e-12,0.09273536063,0.09273536062732264,-2.6773583350347963e-12,91.28444324,93.98290207316933,2.698458833169326,32.87349198,33.830294484954045,0.9568025049540481,10.01757144,10.276999458140628,0.2594280181406283,48.8624363,50.224475558391696,1.3620392583916967,109.4067555,109.48998199278388,0.08322649278387928,1.785321678,1.8331152605395797,0.04779358253957966,459.0992759,469.16304566345576,10.063769763455753
Egypt,Mozambique,94.48874704,93.72224319079035,-0.7665038492096556,7.876880302,7.873827670521861,-0.0030526314781393893,41.14222164,40.857207517514865,-0.285014122485137,0.2281724705,0.22817247050576647,5.7664706343274474e-12,1.16712687,1.1671268702988125,2.9881253027497223e-10,58.87712942,58.28393697955153,-0.5931924404484761,19.76716144,19.551268722708357,-0.2158927172916414,11.44554097,11.381327857538562,-0.06421311246143802,42.99911821,42.686135214945,-0.3129829950550018,66.37511211,63.75136605049549,-2.623746059504512,1.13122986,1.1192218365947777,-0.012008023405222223,345.4984403,340.62183438146536,-4.876605918534665
El Salvador,Myanmar,499.7751378,499.9218403962622,0.14670259626223014,10.09474134,10.095261825286755,0.000520485286754635,192.3145072,192.36750338629443,0.05299618629442193,0.2401410698,0.24014106982032804,2.0328044803008538e-11,1.2373534,1.2373534003611575,3.6115754831200775e-10,372.0419886,372.1581016826524,0.11611308265236175,132.5683728,132.60951922468857,0.0411464246885771,44.3876658,44.398800568899276,0.011134768899275116,208.9378302,208.99638072679844,0.05855052679842743,442.0114,429.89491861266674,-12.116481387333238,7.183477459,7.185528151157732,0.00205069215773257,1910.792616,1899.1053490448878,-11.687266955112136
Equatorial Guinea,Namibia,74.59058214,70.25769336457974,-4.332888775420258,2.271798024,2.255241406663224,-0.01655661733677638,29.22392173,27.628827939121685,-1.595093790878316,0.06073907511,0.060739075109639815,-3.601841047640164e-13,0.309938683,0.3099386830280105,2.801048282208285e-11,54.0845598,50.70380045363049,-3.3807593463695085,19.24129951,18.02214699917521,-1.2191525108247916,7.190477589,6.8400386841289516,-0.3504389048710488,31.53132674,29.775650248102995,-1.755676491897006,64.05087474,58.26546227404329,-5.7854124659567105,1.077987634,1.012821084575749,-0.06516654942425104,283.6335057,265.132360212159,-18.501145487840972
Eritrea,New Zealand,1196.844245,1147.8086458475088,-49.03559915249116,78.34329118,78.17383930344226,-0.16945187655772997,500.1387478,482.54831130309714,-17.59043649690284,2.23396317,2.233963170403934,4.039342194062101e-10,11.43998368,11.439983684958419,4.958419452805174e-09,793.6850757,754.6814573829049,-39.00361831709506,268.4867923,254.75499623565813,-13.731796064341864,130.35608,126.71775743568313,-3.6383225643168657,528.8819658,509.42437188975475,-19.457593910245237,903.9210813,834.3833060921688,-69.53777520783115,14.33775919,13.669898983781511,-0.6678602062184886,4428.668985,4215.836531329362,-212.83245367063864
Estonia,Nicaragua,0.0,0.0,0.0,0.0,0.0,0.0,0.0,0.0,0.0,0.0,0.0,0.0,0.0,0.0,0.0,0.0,0.0,0.0,0.0,0.0,0.0,0.0,0.0,0.0,0.0,0.0,0.0,0.0,0.0,0.0,0.0,0.0,0.0,0.0,0.0,0.0
Ethiopia,Niger,2415.009488,2569.574155890407,154.56466789040678,9.676185381,10.261366791828591,0.5851814108285911,899.1069394,955.8779023353223,56.77096293532236,0.0,0.0,0.0,0.0,0.0,0.0,1866.833562,1987.6516744605258,120.81811246052575,680.1753975,723.6524032459223,43.47700574592227,203.3316248,215.73447849770915,12.402853697709162,986.960663,1049.4778103559884,62.51714735598841,2255.520865,2331.57770647882,76.05684147881993,38.05903544,40.36259582210588,2.3035603821058785,9354.673761,9884.170093878629,529.4963328786289
Fiji,Oman,31.61327875,32.13884287113526,0.5255641211352611,0.1262500412,0.12823146824878698,0.0019814270487869823,11.760213,11.953048626702545,0.19283562670254462,0.0,0.0,0.0,0.0,0.0,0.0,24.45372522,24.864878580921577,0.4111533609215776,8.90305016,9.050862869470075,0.14781270947007563,2.654258544,2.6962805657027635,0.04202202170276337,12.91174693,13.124148056937475,0.21240112693747548,29.53176635,29.16454026307331,-0.3672260869266921,0.4965982148,0.5043985370435221,0.0078003222435221176,122.4508872,123.62523183923533,1.1743446392353292
Finland,Palau,0.0,0.0,0.0,0.0,0.0,0.0,0.0,0.0,0.0,0.0,0.0,0.0,0.0,0.0,0.0,0.0,0.0,0.0,0.0,0.0,0.0,0.0,0.0,0.0,0.0,0.0,0.0,0.0,0.0,0.0,0.0,0.0,0.0,0.0,0.0,0.0
France,Papua New Guinea,0.0,0.0,0.0,0.0,0.0,0.0,0.0,0.0,0.0,0.0,0.0,0.0,0.0,0.0,0.0,0.0,0.0,0.0,0.0,0.0,0.0,0.0,0.0,0.0,0.0,0.0,0.0,0.0,0.0,0.0,0.0,0.0,0.0,0.0,0.0,0.0
French Polynesia,Paraguay,0.0,0.0,0.0,0.0,0.0,0.0,0.0,0.0,0.0,0.0,0.0,0.0,0.0,0.0,0.0,0.0,0.0,0.0,0.0,0.0,0.0,0.0,0.0,0.0,0.0,0.0,0.0,0.0,0.0,0.0,0.0,0.0,0.0,0.0,0.0,0.0
Gabon,Peru,222.1153468,220.91199137506803,-1.2033554249319707,4.185336439,4.181128854461228,-0.0042075845387721245,84.72530817,84.29227074801774,-0.433037421982263,0.09975632647,0.09975632647038976,3.89757670582469e-13,0.5120879912,0.5120879912478056,4.7805537306544466e-11,166.5792048,165.62414374268272,-0.9550610573172946,59.32800328,58.99077429241567,-0.33722898758432507,19.54379018,19.453594680028974,-0.09019549997102416,92.21420551,91.73545846594638,-0.4787470440536197,197.9302684,191.3803331821222,-6.549935217877788,3.192325964,3.17574513973136,-0.01658082426864027,850.4256339,840.3572847981926,-10.068349101807371
Gambia,Philippines,0.0,0.0,0.0,0.0,0.0,0.0,0.0,0.0,0.0,0.0,0.0,0.0,0.0,0.0,0.0,0.0,0.0,0.0,0.0,0.0,0.0,0.0,0.0,0.0,0.0,0.0,0.0,0.0,0.0,0.0,0.0,0.0,0.0,0.0,0.0,0.0
Georgia,Republic of Moldova,17.85506107,17.983190283179628,0.12812921317962633,0.2123333776,0.2128231522894581,0.0004897746894581001,6.795786972,6.842960144469963,0.047173172469962665,0.004092168053,0.004092168053150691,1.506902241876773e-13,0.02113726067,0.021137260666935744,-3.0642571813288555e-12,13.49184889,13.591815406155643,0.09996651615564289,4.885691039,4.921743399630815,0.03605236063081474,1.564799703,1.5751657805794892,0.010366077579489152,7.413400711,7.465321954679036,0.05192124367903528,16.21403249,15.863248677714758,-0.35078381228524336,0.2742379353,0.27616567009861387,0.001927734798613856,68.73242163,68.7576638975175,0.025242267517498362
Germany,Rwanda,0.0,0.0,0.0,0.0,0.0,0.0,0.0,0.0,0.0,0.0,0.0,0.0,0.0,0.0,0.0,0.0,0.0,0.0,0.0,0.0,0.0,0.0,0.0,0.0,0.0,0.0,0.0,0.0,0.0,0.0,0.0,0.0,0.0,0.0,0.0,0.0
Ghana,Saint Lucia,1223.324868,1205.069123959469,-18.255744040531,70.61127671,70.54204242956423,-0.06923428043576507,506.3649238,499.6568191084775,-6.708104691522465,2.001466842,2.0014668424109554,4.109552698139396e-10,10.23771942,10.237719417298896,-2.7011033409962693e-09,823.8520589,809.5869037164678,-14.265155183532215,284.4219843,279.286584023233,-5.1354002767670295,132.4854331,131.01838719878307,-1.4670459012169204,537.2434747,529.8570650451466,-7.3864096548534235,951.6056821,907.862889653268,-43.74279244673198,15.89488065,15.62234710509861,-0.27253354490138904,4558.043768,4460.741348499218,-97.30241950078198
Greece,Samoa,0.0,0.0,0.0,0.0,0.0,0.0,0.0,0.0,0.0,0.0,0.0,0.0,0.0,0.0,0.0,0.0,0.0,0.0,0.0,0.0,0.0,0.0,0.0,0.0,0.0,0.0,0.0,0.0,0.0,0.0,0.0,0.0,0.0,0.0,0.0,0.0
Greenland,Sao Tome and Principe,0.0,0.18783698228705986,0.18783698228705986,0.0,0.0007494548614170517,0.0007494548614170517,0.0,0.06986015620328341,0.06986015620328341,0.0,0.0,0.0,0.0,0.0,0.0,0.0,0.14532395507522142,0.14532395507522142,0.0,0.0528981947269219,0.0528981947269219,0.0,0.01575853887744415,0.01575853887744415,0.0,0.07670470203262286,0.07670470203262286,0.0,0.17045353047620904,0.17045353047620904,0.0,0.0029479810286933417,0.0029479810286933417,0.0,0.7225334955688731,0.7225334955688731
Grenada,Saudi Arabia,48.04289969,48.04289968608982,-3.91018062373405e-09,0.1712071744,0.1712071743793159,-2.0684093327005826e-11,17.33911496,17.33911495662565,-3.3743496885563218e-09,0.0,0.0,0.0,0.0,0.0,0.0,38.01863774,38.01863773618822,-3.811784665685991e-09,13.4528218,13.452821798502324,-1.497676649364621e-09,3.656281968,3.6562819675162705,-4.837295008996989e-10,19.14637531,19.146375311275083,1.275083150176215e-09,45.21144596,44.0603199202681,-1.1511260397318992,0.6744264696,0.6744264696125698,1.256983406250356e-11,185.7132111,184.56208502045735,-1.1511260795426494
Guam,Senegal,0.4131625692,0.41316256918431027,-1.5689727295153943e-11,0.001648486322,0.0016484863218124211,-1.875789020638896e-13,0.1536630395,0.15366303945649695,-4.3503034508063365e-11,0.0,0.0,0.0,0.0,0.0,0.0,0.3196517422,0.3196517422279739,2.797390097342145e-11,0.1163538392,0.11635383923058594,3.0585936561244864e-11,0.03466217531,0.034662175307126376,-2.8736249491068122e-12,0.1687181692,0.1687181692042051,4.2051084836458585e-12,0.3859815301,0.3749262670247776,-0.011055263075222421,0.006484321675,0.0064843216755907955,5.907956415751592e-13,1.600325873,1.589270609632879,-0.011055263367121038
Guatemala,Seychelles,285.9335741,289.5084597313835,3.574885631383495,25.24112786,25.254888096032232,0.013760236032233308,126.4764414,127.79484746308923,1.3184060630892276,0.7256115309,0.72561153088102,-1.8979928739781826e-11,3.720585809,3.7205858094589854,4.5898529421606327e-10,174.6879951,177.47332350868197,2.785328408681977,57.99115577,58.99724867300791,1.0060929030079109,34.80678027,35.097716426214774,0.29093615621477653,131.7902208,133.24078033048983,1.4505595304898407,195.2182205,192.90448210909437,-2.313738390905627,3.2665656,3.320720091796691,0.05415449179669096,1039.858279,1048.0386637701306,8.180384770130559
Guinea,Singapore,470.8321167,464.3050553487423,-6.527061351257657,23.67688448,23.651717981937477,-0.02516649806252147,192.1670028,189.75883904682505,-2.4081637531749607,0.6654693548,0.6654693548110169,1.1016854095657891e-11,3.401530355,3.401530354966925,-3.3074876171212964e-11,323.4297927,318.3460209471241,-5.0837717528759185,112.8270321,110.99000809769467,-1.837024002305327,49.70019436,49.16822745010952,-0.5319669098904782,204.748118,202.09881375831176,-2.6493042416882417,376.6893543,359.9125503268695,-16.776803973130484,6.355918039,6.256875668192792,-0.0990423708072079,1764.493413,1728.555108335585,-35.938304664415
Guinea-Bissau,Solomon Islands,164.9985357,164.99853569822386,-1.7761294657248072e-09,0.6589070377,0.6589070375855348,-1.1446521508418073e-10,61.37921875,61.37921874333515,-6.664848228865594e-09,0.0,0.0,0.0,0.0,0.0,0.0,127.6318938,127.63189379543913,-4.560874344861077e-09,46.46746101,46.4674610056945,-4.305498180201539e-09,13.85282965,13.852829648890724,-1.1092762264297562e-09,67.38949393,67.38949392044782,-9.552181268190907e-09,154.1349517,149.71621136278137,-4.4187403372186225,2.591779339,2.5917793391407233,1.407234329064977e-10,639.105071,634.6863305515388,-4.418740448461108
Guyana,Somalia,673.4274708,679.0165879261372,5.5891171261371255,30.8713852,30.890887147896994,0.019501947896994665,277.3335358,279.34371047194844,2.010174671948448,0.8228677464,0.8228677464172568,1.725675158326112e-11,4.250355759,4.250355758738692,-2.6130742014629504e-10,463.6418703,468.0794909538604,4.437620653860392,160.6141081,162.18020957609278,1.5661014760927685,66.58099264,66.99916469717834,0.4181720571783387,295.8897562,298.1123287283779,2.2225725283778957,538.1895707,528.587737586993,-9.601833113007046,8.639816026,8.716669409946864,0.07685338394686347,2520.261729,2527.0000100035877,6.738281003587872
Haiti,South Sudan,1099.847627,1065.1778738997687,-34.669753100231446,31.11396,30.990463067110188,-0.123496932889811,427.4483068,414.9107681289581,-12.537538671041887,0.8158442397,0.8158442397083074,8.307465826362659e-12,4.174912777,4.174912777257455,2.574545021616359e-10,805.3576751,777.9377756680473,-27.419899431952786,284.8398101,275.1137112823975,-9.72609881760252,102.2684208,99.62793274552652,-2.6404880544734795,462.3241139,448.47519482832246,-13.848919071677528,950.9019737,892.7777240910143,-58.12424960898568,15.44200667,14.955460835468767,-0.486545834531233,4184.534651,4024.957661563579,-159.57698943642072
Honduras,Spain,635.1820353,637.9778217036252,2.7957864036251294,47.37844699,47.38843986951144,0.00999287951143657,276.8975055,277.90944185027433,1.0119363502743113,1.325487478,1.325487477874776,-1.2522405334891573e-10,6.825782272,6.825782272448618,4.4861803161211355e-10,401.7633392,403.9730630727457,2.2097238727456556,134.732703,135.51716303300344,0.7844600330034552,71.47413148,71.68768692813663,0.2135554481366313,290.4948371,291.61243660057255,1.1175995005725667,453.58459,443.6511389867485,-9.9334510132515,7.327483095,7.366850655413313,0.03936756041331346,2326.986341,2325.2353124503543,-1.7510285496455253
Hungary,Sri Lanka,0.0,0.0,0.0,0.0,0.0,0.0,0.0,0.0,0.0,0.0,0.0,0.0,0.0,0.0,0.0,0.0,0.0,0.0,0.0,0.0,0.0,0.0,0.0,0.0,0.0,0.0,0.0,0.0,0.0,0.0,0.0,0.0,0.0,0.0,0.0,0.0
Iceland,Swaziland,0.0,0.0,0.0,0.0,0.0,0.0,0.0,0.0,0.0,0.0,0.0,0.0,0.0,0.0,0.0,0.0,0.0,0.0,0.0,0.0,0.0,0.0,0.0,0.0,0.0,0.0,0.0,0.0,0.0,0.0,0.0,0.0,0.0,0.0,0.0,0.0
India,Tajikistan,13800.32653,14668.861346966394,868.5348169663939,54.68043783,57.89308891108645,3.212651081086449,5123.831079,5440.983417340442,317.15233834044284,0.0,0.0,0.0,0.0,0.0,0.0,10691.96773,11373.945857698298,681.9781276982976,3885.718971,4129.8113649558945,244.09239395589475,1150.924618,1219.2470774471224,68.32245944712236,5628.046747,5977.722762243366,349.6760152433653,12898.22921,13325.130445521714,426.9012355217146,215.1063998,227.75701453350334,12.650614733503346,53448.83172,56421.35237561782,2972.5206556178164
Indonesia,Thailand,503.6942489,512.0567429533552,8.362494053355192,27.39506296,27.429438165809504,0.034375205809503484,207.9178827,211.05046431154761,3.1325816115476073,0.7763199485,0.77631994850729,7.290057446596165e-12,3.964764342,3.9647643424454606,4.454605573300796e-10,340.6296778,347.0602718734473,6.430594073447253,119.0905428,121.44689916397374,2.3563563639737453,55.14078351,55.860365101886735,0.7195815918867368,220.7621156,224.19563277762785,3.433517177627863,396.9305298,392.70022620216594,-4.230303597834052,6.922848002,7.058005607737799,0.135157605737799,1883.224776,1903.5991304485046,20.37435444850462
Iran,Trinidad and Tobago,0.0,56.10365698345666,56.10365698345666,0.0,0.2238492013530551,0.2238492013530551,0.0,20.866020060149374,20.866020060149374,0.0,0.0,0.0,0.0,0.0,0.0,0.0,43.40575124103856,43.40575124103856,0.0,15.799775613238076,15.799775613238076,0.0,4.706802936119673,4.706802936119673,0.0,22.91036748705788,22.91036748705788,0.0,50.91152066551915,50.91152066551915,0.0,0.8805109324786189,0.8805109324786189,0.0,215.80825512041105,215.80825512041105
Iraq,Tunisia,0.0,0.0,0.0,0.0,0.0,0.0,0.0,0.0,0.0,0.0,0.0,0.0,0.0,0.0,0.0,0.0,0.0,0.0,0.0,0.0,0.0,0.0,0.0,0.0,0.0,0.0,0.0,0.0,0.0,0.0,0.0,0.0,0.0,0.0,0.0,0.0
Ireland,Uganda,0.0,0.0,0.0,0.0,0.0,0.0,0.0,0.0,0.0,0.0,0.0,0.0,0.0,0.0,0.0,0.0,0.0,0.0,0.0,0.0,0.0,0.0,0.0,0.0,0.0,0.0,0.0,0.0,0.0,0.0,0.0,0.0,0.0,0.0,0.0,0.0
Israel,Ukraine,0.0,0.0,0.0,0.0,0.0,0.0,0.0,0.0,0.0,0.0,0.0,0.0,0.0,0.0,0.0,0.0,0.0,0.0,0.0,0.0,0.0,0.0,0.0,0.0,0.0,0.0,0.0,0.0,0.0,0.0,0.0,0.0,0.0,0.0,0.0,0.0
Italy,United Republic of Tanzania,0.0,0.0,0.0,0.0,0.0,0.0,0.0,0.0,0.0,0.0,0.0,0.0,0.0,0.0,0.0,0.0,0.0,0.0,0.0,0.0,0.0,0.0,0.0,0.0,0.0,0.0,0.0,0.0,0.0,0.0,0.0,0.0,0.0,0.0,0.0,0.0
Jamaica,Uzbekistan,480.7849248,508.0281893964622,27.24326459646221,3.968007609,4.071725802559393,0.10371819355939316,181.1790694,191.19920543679942,10.020136036799414,0.05929772677,0.05929772676734161,-2.658394337995418e-12,0.306290331,0.3062903310319836,3.1983582449157666e-11,367.0981582,388.3701849424202,21.272026742420223,133.3394078,141.0039976551581,7.664589855158084,41.39714298,43.5936432038859,2.1965002238858986,198.2012245,209.23229800579284,11.031073505792847,442.3186749,454.3978144732215,12.079139573221482,7.479032876,7.887286825034693,0.4082539490346928,1856.131231,1948.1499337991336,92.01870279913351
Japan,Vanuatu,8.362344082,8.362344080588205,-1.411795125250137e-09,0.03397126029,0.03397126028009068,-9.909316422973546e-12,3.123660511,3.123660510438237,-5.617630804977125e-10,0.0,0.0,0.0,0.0,0.0,0.0,6.446082557,6.446082555527767,-1.4722330021754715e-09,2.355840233,2.355840232916175,-8.382494698366827e-11,0.7123834372,0.7123834370311627,-1.6883727749217314e-10,3.426126526,3.426126525613432,-3.865681108550234e-10,7.803137589,7.575418519424736,-0.22771906957526422,0.1335917954,0.13359179533201815,-6.798184237766236e-11,32.39713799,32.16941891715182,-0.22771907284817416
Jordan,Venezuela (Bolivarian Republic of),0.0,0.0,0.0,0.0,0.0,0.0,0.0,0.0,0.0,0.0,0.0,0.0,0.0,0.0,0.0,0.0,0.0,0.0,0.0,0.0,0.0,0.0,0.0,0.0,0.0,0.0,0.0,0.0,0.0,0.0,0.0,0.0,0.0,0.0,0.0,0.0
Kazakhstan,Zambia,281.3977991,290.90579521053473,9.507996110534748,17.92830017,17.965288992635212,0.036988822635212415,122.1243943,125.64000201322312,3.515607713223119,0.4887770197,0.4887770197407343,4.073430481810192e-11,2.524678151,2.5246781510630822,6.308242816999154e-11,181.0783042,188.4708293094074,7.392525109407416,62.13662235,64.8132652972796,2.6766429472795963,30.7530697,31.533896080703325,0.7808263807033242,128.6057877,132.4715248645159,3.865737164515906,207.8866233,210.53546897441043,2.6488456744104383,3.519502832,3.66505334024754,0.14555050824753968,1038.443859,1069.0145792537612,30.570720253761237
Kenya,Zimbabwe,84805.44955,85709.8541095803,904.4045595802891,10524.8083,10527.96649284542,3.1581928454197623,40823.71824,41149.06335866684,325.34511866683897,301.1737119,301.1737119484538,4.845378498430364e-08,1550.712475,1550.7124745300916,-4.699084001913434e-07,45146.19221,45864.16113021008,717.9689202100781,13883.04388,14136.474998008955,253.4311180089553,11320.8226,11388.535089039702,67.71248903970263,41734.30955,42094.01811681187,359.70856681187433,47478.86518,47034.93220027162,-443.932979728379,747.3447735,759.7904793791054,12.44570587910539,298316.4405,300516.68216129247,2200.2416612924426
Kiribati,,0.2079844448,0.20798444477925576,-2.0744239659364894e-11,0.0008298416602,0.0008298416602579642,5.796415864650628e-14,0.07735338176,0.07735338176337887,3.3788666309320092e-12,0.0,0.0,0.0,0.0,0.0,0.0,0.1609114549,0.16091145492986156,2.986155767104037e-11,0.05857207418,0.058572074179141745,-8.582579091864773e-13,0.01744880544,0.017448805443161807,3.1618076212769353e-12,0.08493207604,0.08493207604790373,7.90373322345772e-12,0.1943016145,0.18873643765517711,-0.005565176844822883,0.003264182537,0.0032641825374704328,4.704327205562464e-13,0.8055978758,0.800032698995609,-0.005565176804390948
Kuwait,,0.0,0.0,0.0,0.0,0.0,0.0,0.0,0.0,0.0,0.0,0.0,0.0,0.0,0.0,0.0,0.0,0.0,0.0,0.0,0.0,0.0,0.0,0.0,0.0,0.0,0.0,0.0,0.0,0.0,0.0,0.0,0.0,0.0,0.0,0.0,0.0
Kyrgyzstan,,152.2216887,181.43756615502053,29.215877455020546,2.842385082,2.956985734837308,0.11460065283730803,59.18341051,70.00759140656196,10.824180896561955,0.06466557264,0.06466557263982976,-1.7023882303845994e-13,0.3340168457,0.334016845669954,-3.004602122658184e-11,112.4708775,135.14930643463535,22.67842893463535,40.61990792,48.846238798427464,8.226330878427461,13.92368128,16.339879285272918,2.4161980052729177,64.18738587,76.08406841267575,11.896682542675748,134.757489,157.36429994588576,22.60681094588577,2.315515064,2.766413903445975,0.450898839445975,582.9210234,691.3510324950728,108.43000909507282
Lao People's Democratic Republic,,0.0,0.0,0.0,0.0,0.0,0.0,0.0,0.0,0.0,0.0,0.0,0.0,0.0,0.0,0.0,0.0,0.0,0.0,0.0,0.0,0.0,0.0,0.0,0.0,0.0,0.0,0.0,0.0,0.0,0.0,0.0,0.0,0.0,0.0,0.0,0.0
Latvia,,6.392238538,6.465622294980416,0.07338375698041588,0.1314399646,0.13173149900791056,0.0002915344079105764,2.499111114,2.5263819109359633,0.027270796935963126,0.003065015309,0.0030650153089966763,-3.3237301799715624e-15,0.01583171236,0.01583171235710384,-2.896159007059751e-12,4.694405339,4.751224505319714,0.05681916631971351,1.693564812,1.7142330646379318,0.020668252637931817,0.5909129299,0.597047748803506,0.006134818903505979,2.706296995,2.7362481798432827,0.02995118484328252,5.618624589,5.52019209803763,-0.09843249096237017,0.09683588189,0.09798272101391801,0.0011468391239180115,24.44232689,24.55956075024637,0.11723386024636895
Lebanon,,23.33645397,23.476336468759946,0.1398824987599454,0.09304675562,0.09357272279448106,0.0005259671744810568,8.677814827,8.7291052424357,0.0512904154356999,0.0,0.0,0.0,0.0,0.0,0.0,18.05724061,18.16672867592942,0.10948806592941907,6.571845787,6.611183395221485,0.039337608221485354,1.956661525,1.9678205558788056,0.011159030878805654,9.528394644,9.584896997452354,0.05650235345235366,21.80216694,21.305789704641697,-0.49637723535830247,0.3660029733,0.3680736347208532,0.002070661420853215,90.38962803,90.30350739783475,-0.08612063216524746
Lesotho,,2023.475108,2048.3712191902528,24.896111190252668,189.0628256,189.15496091908963,0.09213531908963546,908.2512457,917.3434244035507,9.092178703550644,5.409722591,5.409722590575165,-4.248352780678033e-10,27.78613013,27.786130134143264,4.143263510059114e-09,1212.049977,1231.5966314108691,19.546654410869223,397.296122,404.29305894655073,6.996936946550704,247.7830731,249.74234556170668,1.9592724617066892,943.6423326,953.6666507283352,10.024318128335153,1341.53496,1326.8251007070985,-14.709859292901456,21.96914079,22.33194412003,0.36280333002999754,7318.260638,7376.521188712201,58.26055071220162
Liberia,,157.979046,146.16395372239535,-11.815092277604663,4.514435488,4.4682574898978045,-0.046177998102195694,61.81815621,57.444587471781894,-4.373568738218104,0.1192914617,0.11929146169069771,-9.302295045365838e-12,0.6087191559,0.6087191559331674,3.316735774916424e-11,114.8413787,105.66350598844504,-9.177872711554969,41.03301578,37.706509503627856,-3.326506276372143,15.20702619,14.232896038331019,-0.974130151668982,66.74291821,61.93502024173022,-4.807897968269778,136.4219688,121.71874406904067,-14.703224730959334,2.323789963,2.1420921763576874,-0.1816977866423124,601.6097459,552.2035773192314,-49.40616858076862
Libya,,10.19047164,10.190471640803466,8.034657383859667e-10,0.04069474588,0.04069474587775687,-2.243129293422186e-12,3.790840842,3.7908408416582238,-3.417763849711264e-10,0.0,0.0,0.0,0.0,0.0,0.0,7.882671133,7.882671132083646,-9.163541037082723e-10,2.869876037,2.869876036140895,-8.591052313988712e-10,0.8555643667,0.8555643665837813,-1.162187013292737e-10,4.162041341,4.1620413404178676,-5.821325643751152e-10,9.519526024,9.246620278202775,-0.2729057457972246,0.1600708379,0.16007083785906706,-4.0932951472782975e-11,39.47175697,39.19885121962748,-0.27290575037252296
Lithuania,,0.0,0.0,0.0,0.0,0.0,0.0,0.0,0.0,0.0,0.0,0.0,0.0,0.0,0.0,0.0,0.0,0.0,0.0,0.0,0.0,0.0,0.0,0.0,0.0,0.0,0.0,0.0,0.0,0.0,0.0,0.0,0.0,0.0,0.0,0.0,0.0
Luxembourg,,0.0,0.0,0.0,0.0,0.0,0.0,0.0,0.0,0.0,0.0,0.0,0.0,0.0,0.0,0.0,0.0,0.0,0.0,0.0,0.0,0.0,0.0,0.0,0.0,0.0,0.0,0.0,0.0,0.0,0.0,0.0,0.0,0.0,0.0,0.0,0.0
Madagascar,,248.3944536,229.987214069892,-18.407239530108,7.600489432,7.523481333241918,-0.0770080987580819,98.10129301,91.1781930474871,-6.923099962512907,0.2031747162,0.203174716169082,-3.091799039012244e-11,1.035439952,1.03543995189697,-1.0303002895284408e-10,178.626559,164.52228770892827,-14.104271291071711,64.17759012,58.990351048270476,-5.187239071729529,24.73734785,23.129757121793457,-1.6075907282065423,105.6219024,98.04198897650437,-7.579913423495626,212.8873367,189.84948536289355,-23.037851337106446,3.76174883,3.45904564783934,-0.30270318216066006,945.1473355,867.9204189849166,-77.22691651508342
Malawi,,56656.19992,56674.85131183656,18.651391836559924,5958.308542,5958.373104899269,0.06456289926882164,25994.62349,26001.31734589661,6.693855896606692,170.9041978,170.90419784458769,4.45876935373235e-08,878.450638,878.4506379595466,-4.0453414840158075e-08,32696.58195,32711.41280352007,14.830853520070377,10431.34688,10436.570532649373,5.223652649374344,7126.838206,7128.224131867028,1.3859258670272538,26852.92081,26860.32462466538,7.403814665380196,35459.82239,34523.77029753828,-936.0520924617231,558.8448895,559.0993474956923,0.25445799569229166,202784.8419,201903.2983361724,-881.5435638276103
Malaysia,,305.1000419,309.1552521693368,4.055210269336783,7.629667751,7.645375442767912,0.015707691767911314,120.35844,121.85628817139903,1.4978481713990277,0.1861983746,0.18619837461151523,1.1515233211412124e-11,0.9617697829,0.9617697828643934,-3.560662875656817e-11,221.6896138,224.8452639649376,3.1556501649376116,79.41901362,80.56048641432066,1.1414727943206628,28.50264059,28.834441402657426,0.331800812657427,130.0009724,131.64839106350811,1.6474186635081196,263.9218557,259.9635844674883,-3.958271232511663,4.486681232,4.5484945930867475,0.06181336108674795,1162.256895,1170.2055458469786,7.94865084697858
Maldives,,0.06192275022,0.06192275021170906,-8.290944319977456e-12,0.0002515555262,0.00025155552610949764,-9.050236688540325e-14,0.02313055379,0.023130553786115084,-3.8849166938970114e-12,0.0,0.0,0.0,0.0,0.0,0.0,0.04773292705,0.047732927045729075,-4.270923892324419e-12,0.01744488207,0.01744488206604644,-3.953559701841414e-12,0.00527516462,0.005275164619049804,-9.50195651328034e-13,0.02537029989,0.02537029988179441,-8.205588986065493e-12,0.05778185341,0.05609560479775153,-0.0016862486122484685,0.0009892407314,0.0009892407311822122,-2.1778781035541872e-13,0.2398992273,0.2382129786654871,-0.001686248634512888
Mali,,624.6184306,614.2053973930006,-10.413033206999444,52.48142951,52.441159868533454,-0.040269641466544215,271.1621403,267.31744807286077,-3.8446922271392054,1.525658686,1.5256586861447643,1.447642006269234e-10,7.799474587,7.7994745872118685,2.1186874477052697e-10,390.1065,382.0008010857057,-8.105698914294294,130.4704046,127.53944068487647,-2.9309639151235274,75.45674433,74.60590637063234,-0.8508379593676665,283.4841222,279.2551358148508,-4.228986385149199,438.6915663,416.66935633736955,-22.022209962630427,7.359429085,7.200955234765637,-0.15847385023436367,2283.1559,2230.560734135952,-52.59516586404834
Malta,,0.0,0.0,0.0,0.0,0.0,0.0,0.0,0.0,0.0,0.0,0.0,0.0,0.0,0.0,0.0,0.0,0.0,0.0,0.0,0.0,0.0,0.0,0.0,0.0,0.0,0.0,0.0,0.0,0.0,0.0,0.0,0.0,0.0,0.0,0.0,0.0
Marshall Islands,,1.296460893,1.2964608926296695,-3.703304329860657e-10,0.005172777516,0.005172777515843495,-1.5650501727915156e-13,0.4821785325,0.48217853251146703,1.1467049532143392e-11,0.0,0.0,0.0,0.0,0.0,0.0,1.003033706,1.0030337062664518,2.6645174955319817e-10,0.3651061677,0.36510616769468696,-5.313027795494918e-12,0.1087662777,0.10876627770972258,9.722583849125499e-12,0.5294199537,0.5294199537028967,2.8967939158519584e-12,1.211169637,1.176479378993347,-0.03469025800665304,0.02034712264,0.020347122645285355,5.285355486606136e-12,5.021655068,4.98696480966937,-0.03469025833063011
Mauritania,,174.7792268,169.8250631423654,-4.954163657634609,10.3670891,10.347309817037367,-0.01977928296263265,72.52631681,70.68309210208228,-1.843224707917713,0.296653062,0.2966530620205808,2.058075931898884e-11,1.514400963,1.5144009632412112,2.412112731775551e-10,117.0528014,113.22071100606914,-3.8320903939308693,40.56364975,39.16820338424506,-1.3954463657549425,19.37673313,18.960826931547153,-0.4159061984528485,76.84619161,74.82238044967279,-2.023811160327213,135.4806061,127.02532684730664,-8.455279252693344,2.323417471,2.245615258900403,-0.07780221209959715,651.1270862,628.109582964488,-23.01750323551198
Mauritius,,6.609798319,6.67331375502088,0.06351543602087961,0.02661514165,0.02685874575146611,0.00024360410146611125,2.463784536,2.4871882308592133,0.023403694859213342,0.0,0.0,0.0,0.0,0.0,0.0,5.104314146,5.153836329453588,0.04952218345358794,1.861812905,1.8796863938048423,0.017873488804842186,0.5588669867,0.5640203094876617,0.005153322787661674,2.703752946,2.7295075935797826,0.02575464757978274,6.171307193,6.050706674870919,-0.12060051812908057,0.1046771448,0.10563591630469037,0.00095877150469037,25.60492932,25.670753949133047,0.0658246291330471
Mexico,,5098.529187,5137.589260519233,39.0600735192329,167.67032,167.8065957129311,0.13627571293110918,2031.454203,2045.502072357832,14.047869357832042,4.308073496,4.308073495802167,-1.978328612040059e-10,22.25247626,22.25247625961423,-3.857714148125524e-10,3653.454819,3684.4682150731965,31.013396073196418,1283.285014,1294.2297874233348,10.94477342333471,476.3764697,479.2986174502206,2.9221477502206312,2186.680866,2202.2131333345455,15.532267334545395,4290.584645,4208.739330635312,-81.84531436468751,69.02368977,69.56072647188154,0.537036701881533,19283.61976,19315.968288733904,32.34852873390264
Micronesia (Federated States of),,0.0,0.0,0.0,0.0,0.0,0.0,0.0,0.0,0.0,0.0,0.0,0.0,0.0,0.0,0.0,0.0,0.0,0.0,0.0,0.0,0.0,0.0,0.0,0.0,0.0,0.0,0.0,0.0,0.0,0.0,0.0,0.0,0.0,0.0,0.0,0.0
Monaco,,0.0,0.0,0.0,0.0,0.0,0.0,0.0,0.0,0.0,0.0,0.0,0.0,0.0,0.0,0.0,0.0,0.0,0.0,0.0,0.0,0.0,0.0,0.0,0.0,0.0,0.0,0.0,0.0,0.0,0.0,0.0,0.0,0.0,0.0,0.0,0.0
Mongolia,,0.7571072849,0.5608981657774044,-0.19620911912259564,0.003246598214,0.002520992004626453,-0.0007256062093735469,0.2804819471,0.20884041184097954,-0.07164153525902048,8.7233475e-06,8.72334750026353e-06,2.6353058461565243e-16,4.44568236e-05,4.4456823596773594e-05,-3.2264027062002543e-15,0.5874673118,0.43339509129588416,-0.15407222050411584,0.2128520393,0.1577112911138597,-0.05514074818614029,0.06264268482,0.047211173485373466,-0.015431511334626537,0.3082053353,0.22921645931334175,-0.07898887598665824,0.707360712,0.5081915858516108,-0.1991691261483891,0.01165152802,0.008794268540190824,-0.002857259479809176,2.931068622,2.1568326193943683,-0.7742360026056319
Montenegro,,0.0,0.0,0.0,0.0,0.0,0.0,0.0,0.0,0.0,0.0,0.0,0.0,0.0,0.0,0.0,0.0,0.0,0.0,0.0,0.0,0.0,0.0,0.0,0.0,0.0,0.0,0.0,0.0,0.0,0.0,0.0,0.0,0.0,0.0,0.0,0.0
Montserrat,,0.0,0.0,0.0,0.0,0.0,0.0,0.0,0.0,0.0,0.0,0.0,0.0,0.0,0.0,0.0,0.0,0.0,0.0,0.0,0.0,0.0,0.0,0.0,0.0,0.0,0.0,0.0,0.0,0.0,0.0,0.0,0.0,0.0,0.0,0.0,0.0
Morocco,,264.677001,272.8472730920074,8.170272092007394,15.11991263,15.15068824327905,0.030775613279050873,112.8092048,115.80631477414545,2.997109974145445,0.4093743702,0.4093743701908152,-9.184819571572689e-12,2.114539936,2.1145399359695527,-3.044720031653014e-11,174.5439847,180.9367554375419,6.392770737541895,60.19092333,62.48870566713108,2.297782337131082,27.98262659,28.63539832711294,0.6527717371129427,119.3370975,122.63845310884507,3.3013556088450713,201.3737305,203.10253550181812,1.728805001818131,3.357864452,3.4790208725002336,0.12115642050023379,981.9162598,1007.6090593305415,25.692799530541492
Mozambique,,174711.666,175629.26555118617,917.5995511861693,21562.33088,21565.600105022222,3.2692250222207804,82863.26482,83195.11167498647,331.8468549864774,623.4167582,623.4167581643435,-3.565651240933221e-08,3202.534516,3202.5345160088073,8.80709194461815e-09,94559.13301,95284.82406910665,725.6910591066408,29259.12098,29516.54317368062,257.4221936806207,23538.03172,23607.929172852364,69.89745285236495,84823.092,85189.64536194805,366.55336194804113,99916.37334,98047.6827383147,-1868.6906016853027,1589.081004,1601.9608842281352,12.879880228135335,616648.045,617464.5140054985,816.469005498453
Myanmar,,5782.986053,5938.066212827734,155.08015982773395,118.4162592,118.98105606437987,0.564796864379872,2232.46221,2288.8671135888644,56.40490358886427,2.823091125,2.823091124790457,-2.095430495785422e-10,14.53999642,14.539996423218915,3.218914912395121e-09,4291.7957,4413.929463182434,122.13376318243445,1533.900014,1577.4538835081596,43.55386950815955,519.677979,531.7160971527558,12.038118152755715,2423.632421,2485.870072912203,62.23765191220309,5107.555767,5105.857182024191,-1.6985849758084441,84.2187594,86.44325512941255,2.2244957294125527,22112.00825,22564.547423938144,452.5391739381448
Namibia,,7435.697664,7572.0507970263725,136.35313302637223,632.2347537,632.6946170859765,0.45986338597640497,3355.426982,3404.018331150683,48.59134915068307,17.57211105,17.57211104598309,-4.016911248072574e-09,90.76516087,90.76516086901967,-9.803358125282102e-10,4500.157258,4609.105543127238,108.9482851272378,1475.317363,1513.4387197335232,38.12135673352327,851.6514448,861.557972076079,9.906527276078918,3496.18708,3549.993738287895,53.80665828789506,4994.039502,4986.267696181643,-7.77180581835637,78.19938056,80.01240086629323,1.8130203062932395,26927.2487,27317.47708745071,390.2283874507084
Nauru,,0.0,0.0,0.0,0.0,0.0,0.0,0.0,0.0,0.0,0.0,0.0,0.0,0.0,0.0,0.0,0.0,0.0,0.0,0.0,0.0,0.0,0.0,0.0,0.0,0.0,0.0,0.0,0.0,0.0,0.0,0.0,0.0,0.0,0.0,0.0,0.0
Nepal,,171.4180882,176.88393315973184,5.4658449597318395,8.601728018,8.622718613182888,0.020990595182889038,70.79327177,72.80792486251973,2.0146530925197226,0.2361070959,0.23610709593489257,3.4892561062704885e-11,1.213072285,1.2130722853603126,3.60312668590268e-10,116.7953011,121.05586831709041,4.260567217090411,40.7230097,42.26117868985659,1.5381689898565938,17.92559698,18.36955738181001,0.44396040181000984,75.33175549,77.54862897320908,2.2168734832090706,135.9562114,137.02582699558482,1.0696155955848212,2.292410147,2.3750229558148086,0.08261280881480859,641.2865522,658.3998393300953,17.113287130095387
Netherlands,,0.0,0.0,0.0,0.0,0.0,0.0,0.0,0.0,0.0,0.0,0.0,0.0,0.0,0.0,0.0,0.0,0.0,0.0,0.0,0.0,0.0,0.0,0.0,0.0,0.0,0.0,0.0,0.0,0.0,0.0,0.0,0.0,0.0,0.0,0.0,0.0
New Caledonia,,0.0,0.0,0.0,0.0,0.0,0.0,0.0,0.0,0.0,0.0,0.0,0.0,0.0,0.0,0.0,0.0,0.0,0.0,0.0,0.0,0.0,0.0,0.0,0.0,0.0,0.0,0.0,0.0,0.0,0.0,0.0,0.0,0.0,0.0,0.0,0.0
New Zealand,,1.291507296,1.2915072963548337,3.5483371796374286e-10,0.005153013054,0.005153013054316961,3.169608672748403e-13,0.4803361956,0.480336195580185,-1.981503849890487e-11,0.0,0.0,0.0,0.0,0.0,0.0,0.9992012543,0.9992012543512864,5.128641955565172e-11,0.3637111479,0.36371114794322845,4.3228476354073564e-11,0.1083506969,0.10835069693042287,3.0422872554503044e-11,0.5273971139,0.5273971138892198,-1.0780154546807807e-11,1.206541927,1.1719842153502835,-0.03455771164971644,0.02026937913,0.020269379127133513,-2.8664882967266436e-12,5.002468024,4.96791031258091,-0.034557711419089365
Nicaragua,,144.5261236,146.92905148540623,2.4029278854062284,3.025833889,3.034964168493656,0.00913027949365608,56.04175278,56.925126778339305,0.8833739983393016,0.07248023155,0.07248023155256102,2.5610208398418877e-12,0.3729783642,0.3729783642491883,4.9188264572563867e-11,106.7787776,108.65574676494312,1.8769691649431195,38.32537662,39.0013706445473,0.6759940245473004,13.21759793,13.411011042715181,0.1934131127151808,60.77207289,61.74467316046961,0.9726002704696128,127.387529,125.91993730800608,-1.467591691993917,2.14566534,2.181604791059481,0.035939451059481264,552.6661883,558.2489447397818,5.582756439781747
Niger,,3195.15594,3063.7493946166906,-131.40654538330955,240.4525233,239.94170323901798,-0.510820060982013,1362.004821,1313.4258608200876,-48.57896017991243,6.979718008,6.979718007779073,-2.2092727647304855e-10,35.64630425,35.64630424707819,-2.9218085728643928e-09,2051.180976,1948.9962104099977,-102.18476559000237,694.7204863,657.7283070660219,-36.99217923397805,374.4828529,363.69832123661814,-10.78453166338187,1430.981479,1377.5621434498212,-53.41933555017886,2330.759336,2144.301029959347,-186.45830604065304,39.26063087,37.25053920458671,-2.0100916654132917,11761.62507,11189.279532257046,-572.3455377429545
Nigeria,,11257.84496,11920.568328322066,662.7233683220657,45.09530483,47.603733756257775,2.5084289262577713,4191.03417,4434.434329206167,243.4001592061668,0.0,0.0,0.0,0.0,0.0,0.0,8702.904057,9220.958867443178,518.0548104431782,3170.698127,3357.111877496408,186.41375049640783,947.6507347,1000.8185931554614,53.16785845546133,4600.61572,4868.65573376352,268.0400137635206,10514.54111,10816.473733268138,301.93262326813783,177.3725727,187.24701145631423,9.87443875631422,43607.75675,45853.87220786751,2246.1154578675123
Niue,,0.0,0.0,0.0,0.0,0.0,0.0,0.0,0.0,0.0,0.0,0.0,0.0,0.0,0.0,0.0,0.0,0.0,0.0,0.0,0.0,0.0,0.0,0.0,0.0,0.0,0.0,0.0,0.0,0.0,0.0,0.0,0.0,0.0,0.0,0.0,0.0
Northern Mariana Islands,,0.1419708003,0.14197080028405215,-1.5947854148379292e-11,0.0005664523842,0.0005664523841718587,-2.8141334748599256e-14,0.05280164834,0.05280164834096304,9.630421460293803e-13,0.0,0.0,0.0,0.0,0.0,0.0,0.1098386375,0.10983863747844164,-2.155836620332252e-11,0.03998147195,0.0399814719525554,2.555400335779723e-12,0.01191060647,0.01191060646576529,-4.234709805039927e-12,0.05797488759,0.05797488758885067,-1.1493306306675777e-12,0.1326308596,0.12883205340238568,-0.0037988061976143295,0.002228140703,0.0022281407035499926,5.499923433349707e-13,0.5499035048,0.5461046986007358,-0.003798806199264204
Norway,,0.0,0.0,0.0,0.0,0.0,0.0,0.0,0.0,0.0,0.0,0.0,0.0,0.0,0.0,0.0,0.0,0.0,0.0,0.0,0.0,0.0,0.0,0.0,0.0,0.0,0.0,0.0,0.0,0.0,0.0,0.0,0.0,0.0,0.0,0.0,0.0
Oman,,0.0,0.0,0.0,0.0,0.0,0.0,0.0,0.0,0.0,0.0,0.0,0.0,0.0,0.0,0.0,0.0,0.0,0.0,0.0,0.0,0.0,0.0,0.0,0.0,0.0,0.0,0.0,0.0,0.0,0.0,0.0,0.0,0.0,0.0,0.0,0.0
Pakistan,,26.03032728,25.962390726008806,-0.06793655399119558,1.132068278,1.1317865273478303,-0.00028175065216973216,10.5166319,10.491131099464305,-0.02550080053569559,0.03162236739,0.031622367389703476,-2.965266920895715e-13,0.1612482282,0.16124822820132,1.3199996651280799e-12,18.13231232,18.08016440946329,-0.05214791053671064,6.422982418,6.403838305327849,-0.019144112672151437,2.735208419,2.7293186466670742,-0.005889772332925869,11.23816297,11.21022764513362,-0.027935324866380284,21.358864,20.658532295621256,-0.700331704378744,0.3749432745,0.3738356247552986,-0.0011076497447014,98.13437145,97.23409587538035,-0.9002755746196556
Palau,,0.0,0.0,0.0,0.0,0.0,0.0,0.0,0.0,0.0,0.0,0.0,0.0,0.0,0.0,0.0,0.0,0.0,0.0,0.0,0.0,0.0,0.0,0.0,0.0,0.0,0.0,0.0,0.0,0.0,0.0,0.0,0.0,0.0,0.0,0.0,0.0
Panama,,85.35176968,85.73717524862542,0.38540556862541564,0.8147945513,0.8161339425926297,0.0013393912926297213,31.92817627,32.06664202234223,0.1384657523422277,0.01420836026,0.01420836026392189,3.921888855340505e-12,0.07335848643,0.07335848642837355,-1.6264489755002387e-12,65.5112959,65.81752899008573,0.3062330900857404,23.51200229,23.619968582303365,0.10796629230336308,7.12932548,7.158061410608156,0.028735930608156046,34.97327945,35.126403740224866,0.1531242902248664,78.3561765,76.55758986275339,-1.7985866372466148,1.262145399,1.2674239535679257,0.005278554567925697,328.9265324,328.254494599796,-0.6720378002040093
Papua New Guinea,,488.0574789,473.6625355459361,-14.394943354063855,11.52414897,11.47304097624917,-0.05110799375083097,187.9681507,182.76702617671955,-5.201124523280441,0.2916127555,0.2916127555279344,2.7934432544896026e-11,1.493543287,1.493543287307331,3.0733104949831613e-10,361.5831784,350.1913019384916,-11.391876461508389,128.4103185,124.37274360568935,-4.037574894310637,44.26400007,43.17075704022639,-1.0932430297736104,203.9210501,198.17501231519412,-5.746037784805878,428.4318557,403.37369487851026,-25.058160821489764,6.951483027,6.75012209756691,-0.2013609294330898,1862.89682,1795.7213906174188,-67.17542938258111
Paraguay,,257.9634579,258.87758490921345,0.9141270092134732,8.783724323,8.787229381127961,0.0035050581279616466,102.8867167,103.22352520582601,0.3368085058260135,0.2311676361,0.23116763609101848,-8.981509980188207e-12,1.187694302,1.1876943024685735,4.68573624345936e-10,183.9926043,184.70537522400522,0.7127709240052127,65.25746928,65.5147060888094,0.25723680880940947,25.15387146,25.228022158180877,0.07415069818087616,110.6061045,110.97675156911706,0.37064706911705514,217.2787802,211.8582321550534,-5.4205480449465995,3.668045595,3.6818407751066577,0.01379518010665759,977.0096362,974.2721294049996,-2.7375067950003995
Peru,,959.7931793,967.4837036908948,7.69052439089478,10.39263805,10.419752289888386,0.027114239888385683,360.6671473,363.4407424781715,2.7735951781714903,0.1959443304,0.19594433039796186,-2.0381474286068624e-12,1.010500031,1.0105000311995622,1.9956214458716204e-10,733.3235503,739.4177272163157,6.094176916315746,263.3556617,265.5119017003865,2.1562400003865037,81.18496645,81.76552957364281,0.5805631236428042,394.5760972,397.6412839513435,3.0651867513435036,877.152405,859.9351661368541,-17.217238863145894,14.23349847,14.340335987742527,0.1068375177425267,3695.885588,3701.162587386837,5.276999386836906
Philippines,,1047.283332,1039.921553549391,-7.361778450608881,38.71176356,38.68318285874933,-0.028580701250668028,416.0661096,413.3454260476502,-2.720683552349783,1.061561855,1.0615618553012103,3.012101679189527e-10,5.416926135,5.4169261351266496,1.2664980175713936e-10,745.7681278,740.0419787342928,-5.7261490657072045,264.1299542,262.05761310838454,-2.072341091615442,104.6894466,104.08592882770054,-0.6035177722994547,446.9414811,443.9494959290395,-2.991985170960504,879.5024512,847.3525093347664,-32.149941865233586,14.93127279,14.818804851982904,-0.11246793801709565,3964.502427,3910.734981232385,-53.767445767614845
Poland,,0.0,0.0,0.0,0.0,0.0,0.0,0.0,0.0,0.0,0.0,0.0,0.0,0.0,0.0,0.0,0.0,0.0,0.0,0.0,0.0,0.0,0.0,0.0,0.0,0.0,0.0,0.0,0.0,0.0,0.0,0.0,0.0,0.0,0.0,0.0,0.0
Portugal,,0.0,0.0,0.0,0.0,0.0,0.0,0.0,0.0,0.0,0.0,0.0,0.0,0.0,0.0,0.0,0.0,0.0,0.0,0.0,0.0,0.0,0.0,0.0,0.0,0.0,0.0,0.0,0.0,0.0,0.0,0.0,0.0,0.0,0.0,0.0,0.0
Puerto Rico,,26.54342352,26.543423520615463,6.154614595743624e-10,0.1059061829,0.10590618287178162,-2.8218385961231718e-11,9.872005452,9.872005452505865,5.058655716538851e-10,0.0,0.0,0.0,0.0,0.0,0.0,20.53586701,20.535867007049085,-2.9509159560348053e-09,7.475094462,7.475094462318797,3.1879654471822505e-10,2.226854192,2.2268541923807303,3.8073055819154433e-10,10.83921477,10.839214766360643,-3.6393572599990875e-09,24.7971912,24.086951328358506,-0.7102398716414946,0.4165820171,0.41658201714379656,4.3796577475774257e-11,102.8121388,102.10189892960466,-0.7102398703953412
Qatar,,0.715752651,0.7157526510320374,3.203748377700322e-11,0.002855797071,0.0028557970712514867,2.5148676544017867e-13,0.266202062,0.2662020619964837,-3.5162983635927958e-12,0.0,0.0,0.0,0.0,0.0,0.0,0.5537567993,0.5537567993111658,1.1165846025562587e-11,0.2015685231,0.20156852313960755,3.960753947040985e-11,0.06004789813,0.060047898132673014,2.6730145874509503e-12,0.2922831977,0.2922831976855843,-1.4415690863245345e-11,0.6686648889,0.649513023636994,-0.01915186526300594,0.01123327904,0.011233279042221772,2.2217713779859594e-12,2.772365096,2.753213231048019,-0.019151864951981068
Republic of Korea,,0.0,0.0,0.0,0.0,0.0,0.0,0.0,0.0,0.0,0.0,0.0,0.0,0.0,0.0,0.0,0.0,0.0,0.0,0.0,0.0,0.0,0.0,0.0,0.0,0.0,0.0,0.0,0.0,0.0,0.0,0.0,0.0,0.0,0.0,0.0,0.0
Republic of Moldova,,0.0,0.0,0.0,0.0,0.0,0.0,0.0,0.0,0.0,0.0,0.0,0.0,0.0,0.0,0.0,0.0,0.0,0.0,0.0,0.0,0.0,0.0,0.0,0.0,0.0,0.0,0.0,0.0,0.0,0.0,0.0,0.0,0.0,0.0,0.0,0.0
Romania,,0.0,0.0,0.0,0.0,0.0,0.0,0.0,0.0,0.0,0.0,0.0,0.0,0.0,0.0,0.0,0.0,0.0,0.0,0.0,0.0,0.0,0.0,0.0,0.0,0.0,0.0,0.0,0.0,0.0,0.0,0.0,0.0,0.0,0.0,0.0,0.0
Russia,,0.0,2017.8145078779328,2017.8145078779328,0.0,8.050921996052278,8.050921996052278,0.0,750.4636999234568,750.4636999234568,0.0,0.0,0.0,0.0,0.0,0.0,0.0,1561.1238070511943,1561.1238070511943,0.0,568.2520207730582,568.2520207730582,0.0,169.28406740090497,169.28406740090497,0.0,823.9903489683718,823.9903489683718,0.0,1831.0750232788541,1831.0750232788541,0.0,31.668305230519707,31.668305230519707,0.0,7761.722702500346,7761.722702500346
Rwanda,,4443.186966,4433.18408140862,-10.00288459138028,402.6075605,402.5751589886538,-0.032401511346165535,1989.812853,1986.2881063015814,-3.5247466984185394,11.38995099,11.38995098899117,-1.0088303525890296e-09,58.65413808,58.65413807557631,-4.423689858867874e-09,2686.538773,2678.4872210210533,-8.051551978946918,870.1717346,867.3839371053238,-2.7877974946762833,520.4848907,519.7831367795524,-0.7017539204476861,2070.953666,2067.0440970024206,-3.9095689975792993,2957.016385,2870.612839902145,-86.40354509785493,45.22083944,45.09303205977013,-0.12780738022986782,16056.03776,15940.49569963369,-115.54206036630967
Saint Kitts and Nevis,,0.0,0.0,0.0,0.0,0.0,0.0,0.0,0.0,0.0,0.0,0.0,0.0,0.0,0.0,0.0,0.0,0.0,0.0,0.0,0.0,0.0,0.0,0.0,0.0,0.0,0.0,0.0,0.0,0.0,0.0,0.0,0.0,0.0,0.0,0.0,0.0
Saint Lucia,,31.15926499,31.159264993731426,3.7314258349852025e-09,0.1110401277,0.11104012768108745,-1.8912552079974887e-11,11.24565922,11.245659217499309,-2.500691209661454e-09,0.0,0.0,0.0,0.0,0.0,0.0,24.65781241,24.657812406472228,-3.5277700760616426e-09,8.725119468,8.725119467640054,-3.5994673908135155e-10,2.371361002,2.3713610015639253,-4.3607473187989854e-10,12.41779713,12.417797133219064,3.2190641263696307e-09,29.32286424,28.576276475287735,-0.7465877647122667,0.4374139201,0.4374139201162606,1.62606039744162e-11,120.4483325,119.7017447432111,-0.7465877567889123
Saint Vincent and the Grenadines,,5.81861243,5.818612429774614,-2.2538593213994318e-10,0.02073538857,0.020735388567699433,-2.300565987711778e-12,2.099989602,2.099989602357915,3.579150309462875e-10,0.0,0.0,0.0,0.0,0.0,0.0,4.604545511,4.604545511205542,2.0554136170858328e-10,1.629309568,1.629309567985392,-1.4608092513412885e-11,0.4428227239,0.4428227238979644,-2.0355939156502245e-12,2.318872052,2.318872051837682,-1.6231815891387669e-10,5.475687003,5.336270850074158,-0.13941615292584242,0.08168171082,0.08168171081881882,-1.1811801536865119e-12,22.49225599,22.352839836519788,-0.1394161534802123
Samoa,,0.722184313,0.7221843130724568,7.245681832301898e-11,0.002881458899,0.002881458899526695,5.266950070526022e-13,0.2685941198,0.26859411977615877,-2.3841206786556768e-11,0.0,0.0,0.0,0.0,0.0,0.0,0.5587327873,0.5587327872877643,-1.2235656932091388e-11,0.2033797922,0.20337979218199412,-1.8005874569126945e-11,0.06058748089,0.0605874808872322,-2.767806817072227e-12,0.2949096172,0.2949096172243681,2.4368118634043867e-11,0.6746734263,0.6553494648333498,-0.019323961466650275,0.01133421985,0.011334219855086557,5.086556176259194e-12,2.797277215,2.7779532540179375,-0.01932396098206235
San Marino,,0.0,0.0,0.0,0.0,0.0,0.0,0.0,0.0,0.0,0.0,0.0,0.0,0.0,0.0,0.0,0.0,0.0,0.0,0.0,0.0,0.0,0.0,0.0,0.0,0.0,0.0,0.0,0.0,0.0,0.0,0.0,0.0,0.0,0.0,0.0,0.0
Sao Tome and Principe,,0.5983099705,0.5983099704208856,-7.911438171248619e-11,0.002389297872,0.0023892978716426165,-3.5738339371205186e-13,0.2225704513,0.22257045127932756,-2.0672435985247262e-11,0.0,0.0,0.0,0.0,0.0,0.0,0.4628128019,0.4628128018128393,-8.716072308345701e-11,0.1684981331,0.16849813304221947,-5.7780530360318494e-11,0.05023248275,0.05023248274537623,-4.623773586232005e-12,0.24436463,0.2443646299259588,-7.404118984588592e-11,0.5589169505,0.5428939209243966,-0.01602302957560342,0.00939818898,0.009398188978930681,-1.0693182450616234e-12,2.317492907,2.3014698770015767,-0.01602302999842342
Saudi Arabia,,0.0,0.0,0.0,0.0,0.0,0.0,0.0,0.0,0.0,0.0,0.0,0.0,0.0,0.0,0.0,0.0,0.0,0.0,0.0,0.0,0.0,0.0,0.0,0.0,0.0,0.0,0.0,0.0,0.0,0.0,0.0,0.0,0.0,0.0,0.0,0.0
Senegal,,2452.079666,2360.0022936745427,-92.07737232545742,144.9316484,144.59001594022325,-0.34163245977674706,1014.788751,981.1398814914753,-33.64886950852474,4.123448059,4.123448059319178,3.191775732602764e-10,21.08588751,21.085887508614405,-1.3855938618689834e-09,1649.464793,1577.2079250516385,-72.25686794836156,567.0587164,541.178094122524,-25.880622277475936,265.5696227,258.30743877533047,-7.262183924669557,1076.333084,1039.239348899879,-37.093735100121194,1899.787,1762.2446617612668,-137.54233823873324,31.33297855,29.987771728196527,-1.3452068218034725,9126.555596,8719.106767013009,-407.44882898699143
Serbia,,0.0,0.0,0.0,0.0,0.0,0.0,0.0,0.0,0.0,0.0,0.0,0.0,0.0,0.0,0.0,0.0,0.0,0.0,0.0,0.0,0.0,0.0,0.0,0.0,0.0,0.0,0.0,0.0,0.0,0.0,0.0,0.0,0.0,0.0,0.0,0.0
Seychelles,,8.48475439,8.48475438908313,-9.168701353701181e-10,0.03388311512,0.03388311511671075,-3.2892508161630474e-12,3.15631647,3.156316469277687,-7.223133202671761e-10,0.0,0.0,0.0,0.0,0.0,0.0,6.563241708,6.5632417068747415,-1.1252581089138403e-09,2.389506017,2.3895060162152673,-7.847327232468615e-10,0.7123569714,0.7123569713346958,-6.530420648687141e-11,3.465384114,3.4653841132589234,-7.410765334725511e-10,7.926114027,7.698888211957208,-0.22722581504279127,0.1332776138,0.13327761383003553,3.0035529618999135e-11,32.86483443,32.637608606948405,-0.22722582305159733
Sierra Leone,,230.2234911,220.2629322940339,-9.960558805966087,7.360091408,7.321488950268154,-0.03860245773184534,90.63988168,86.96033358509791,-3.6795480949020885,0.1976162334,0.19761623337091047,-2.9089536335291655e-11,1.008822266,1.0088222657490873,-2.5091262401133463e-10,166.0107626,158.26055381843574,-7.750208781564254,59.07059482,56.26682716057693,-2.803767659423066,22.45510779,21.639755434445,-0.8153523555549995,97.66524988,93.61839292713424,-4.046856952865767,196.5568791,181.810951094239,-14.745928005761016,3.333678649,3.1817703040284733,-0.1519083449715266,874.5221755,830.5294440673791,-43.99273143262087
Singapore,,2.229570473,2.229570472779482,-2.205178262215668e-10,0.009057426737,0.009057426735096626,-1.9033732923112723e-12,0.8328312224,0.8328312221960739,-2.0392609823005614e-10,0.0,0.0,0.0,0.0,0.0,0.0,1.7186563,1.7186562992864431,-7.135567692273526e-10,0.6281147693,0.6281147691696491,-1.3035084123202978e-10,0.1899358674,0.1899358674069437,6.943695618488732e-12,0.9134747943,0.9134747941365445,-1.634554713803027e-10,2.080474685,2.0197601637874985,-0.06071452121250154,0.03561828113,0.03561828111919986,-1.080013856125106e-11,8.637733819,8.577019296616932,-0.060714522383067404
Sint Maarten (Dutch part),,0.0,0.0,0.0,0.0,0.0,0.0,0.0,0.0,0.0,0.0,0.0,0.0,0.0,0.0,0.0,0.0,0.0,0.0,0.0,0.0,0.0,0.0,0.0,0.0,0.0,0.0,0.0,0.0,0.0,0.0,0.0,0.0,0.0,0.0,0.0,0.0
Slovakia,,0.0,0.0,0.0,0.0,0.0,0.0,0.0,0.0,0.0,0.0,0.0,0.0,0.0,0.0,0.0,0.0,0.0,0.0,0.0,0.0,0.0,0.0,0.0,0.0,0.0,0.0,0.0,0.0,0.0,0.0,0.0,0.0,0.0,0.0,0.0,0.0
Slovenia,,0.0,0.0,0.0,0.0,0.0,0.0,0.0,0.0,0.0,0.0,0.0,0.0,0.0,0.0,0.0,0.0,0.0,0.0,0.0,0.0,0.0,0.0,0.0,0.0,0.0,0.0,0.0,0.0,0.0,0.0,0.0,0.0,0.0,0.0,0.0,0.0
Solomon Islands,,13.46047936,13.460479364885986,4.88598494996495e-09,0.05370625941,0.05370625940743021,-2.5697916017364264e-12,5.006208998,5.006208998635457,6.354570203370713e-10,0.0,0.0,0.0,0.0,0.0,0.0,10.41397745,10.413977453727409,3.727407715814479e-09,3.790707505,3.790707505475641,4.756413041206997e-10,1.129263709,1.1292637094032119,4.03211908306389e-10,5.496692112,5.496692112110108,1.1010836686864423e-10,12.57494461,12.214773692118863,-0.36017091788113653,0.2112535951,0.21125359512089936,2.0899365571480644e-11,52.1372336,51.77706269088501,-0.3601709091149914
Somalia,,245.7611043,233.8429167989751,-11.918187501024903,18.57764675,18.52855775190622,-0.049088998093779423,104.7860002,100.31941378518817,-4.466586414811829,0.5428376855,0.5428376855092849,9.284906177242647e-12,2.7676375,2.7676375000616247,6.162448329405379e-11,157.3794608,148.2183042677142,-9.161156532285816,53.61961318,50.261291886599324,-3.358321293400678,29.336359,28.30908972999782,-1.0272692700021828,110.0154743,105.12039539600038,-4.895078903999618,179.5088062,163.41251702416207,-16.09628917583794,3.118358944,2.9253548925162023,-0.19300405148379784,905.4132989,854.2483167186305,-51.16498218136951
South Africa,,30935.21522,31333.696408191106,398.48118819110823,3314.396912,3315.842408636553,1.445496636552889,14444.81091,14589.59605235801,144.7851423580105,94.25752379,94.25752378535994,-4.640057227334182e-09,485.3922392,485.3922391862809,-1.3719102298637154e-08,17476.86185,17790.92563673988,314.06378673988,5577.15194,5689.04339936808,111.89145936808018,3925.116726,3955.943587026737,30.82686102673688,14886.25181,15046.040314491709,159.78850449170932,18926.67404,18770.38910802179,-156.2849319782108,305.5632718,311.2567761246012,5.693504324601179,110371.6924,111382.3834539301,1010.6910539301025
South Sudan,,2371.793059,2278.922006620635,-92.87105237936521,90.36534773,89.98631807697205,-0.379029653027942,947.6979003,912.9661643241247,-34.73173597587527,2.488456247,2.4884562471958165,1.958166961912866e-10,12.689093,12.689093004070429,4.070429326930025e-09,1677.437735,1605.9179773430487,-71.51975765695124,596.5487217,570.3815825887482,-26.1671391112518,242.1918011,234.24867534323633,-7.9431257567636635,1016.322424,978.2375564777715,-38.08486752222848,1983.038248,1840.0833850520476,-142.9548629479525,34.53949793,33.04905757489785,-1.4904403551021517,8975.112284,8558.970272652748,-416.14201134725226
Spain,,6334.806294,6355.675221629763,20.868927629762766,64.86950277,64.93843428632839,0.06893151632839079,2360.516372,2367.9105464984887,7.39417449848861,1.197157128,1.1971571278536606,-1.4633938505426158e-10,6.183671331,6.183671330711874,-2.881259675291403e-10,4874.832017,4891.570461728425,16.738444728424838,1737.713286,1743.5386978029348,5.825411802934923,520.5550115,522.0440999230213,1.4890884230213715,2587.028538,2595.2235097437033,8.194971743703263,5807.884828,5671.660962699348,-136.2238653006525,91.13820963,91.41004420664841,0.27183457664840205,24386.72489,24311.352806977226,-75.37208302277577
Sri Lanka,,20.849787,21.21988052909468,0.37009352909468163,1.470348101,1.4718234415468259,0.001475340546825965,8.949992724,9.087638621303132,0.13764589730313226,0.04166958095,0.04166958095076921,7.692110837176358e-13,0.2137225878,0.2137225877536138,-4.638620043628805e-11,13.39343153,13.67978913359934,0.28635760359933826,4.573784409,4.678026401490487,0.10424199249048716,2.393573939,2.424603636300915,0.031029697300914982,9.410570457,9.561715273175267,0.15114481617526643,15.31112349,15.20044537998806,-0.11067811001193917,0.2619924744,0.26779588450103187,0.005803410101031858,76.86999629,77.84711046970412,0.9771141797041167
Sudan,,102.1221689,104.62281926111993,2.5006503611199236,5.314618139,5.324929709151635,0.010311570151634974,41.92901008,42.86642733463865,0.9374172546386532,0.1505051871,0.15050518705382124,-4.617875526413684e-11,0.768104902,0.7681049019743188,-2.568123491641927e-11,69.54352699,71.46525569711238,1.9217287071123792,24.38848496,25.093127302570824,0.7046423425708248,11.09416144,11.30990972658507,0.21574828658506995,44.58302876,45.61030294969971,1.0272741896997104,81.24256203,81.08493893820882,-0.15762309179118006,1.419952268,1.460493751110266,0.04054148311026595,382.5561237,389.75681475922545,7.2006910592254485
Suriname,,21.25613721,21.465687122546914,0.20954991254691535,0.3828762595,0.38361778248395606,0.0007415229839560777,8.155657133,8.23130482017957,0.07564768717957016,0.00874647218,0.008746472179645077,-3.5492268846137875e-13,0.04517812074,0.04517812073600382,-3.996178388199212e-12,15.89574247,16.06168028302709,0.16593781302709054,5.674230539,5.732995520549285,0.058764981549285444,1.863203802,1.8790729688270602,0.0158691668270603,8.871756072,8.95534232086137,0.08358624886136923,18.91441196,18.582707891386356,-0.331704068613643,0.3072212821,0.31014294405079534,0.002921661950795351,81.37516132,81.65647624682805,0.2813149268280455
Swaziland,,2188.450988,2205.999407322217,17.548419322216887,175.7449135,175.80443033526103,0.059516835261035794,964.7063055,970.9695541724918,6.263248672491841,4.927317728,4.9273177277358124,-2.6418778276138255e-10,25.38854911,25.38854911255009,2.550091693365175e-09,1361.400613,1375.407539480447,14.006926480446964,450.1677767,455.0758761263516,4.908099426351612,248.4482106,249.7293702282008,1.2811596282007827,1009.12217,1016.0559734491244,6.933803449124412,1521.642289,1497.0256584991994,-24.61663050080051,23.90434991,24.138979544497833,0.23462963449783203,7973.903483,8000.522655998076,26.619172998075555
Sweden,,0.0,0.0,0.0,0.0,0.0,0.0,0.0,0.0,0.0,0.0,0.0,0.0,0.0,0.0,0.0,0.0,0.0,0.0,0.0,0.0,0.0,0.0,0.0,0.0,0.0,0.0,0.0,0.0,0.0,0.0,0.0,0.0,0.0,0.0,0.0,0.0
Switzerland,,0.0,0.0,0.0,0.0,0.0,0.0,0.0,0.0,0.0,0.0,0.0,0.0,0.0,0.0,0.0,0.0,0.0,0.0,0.0,0.0,0.0,0.0,0.0,0.0,0.0,0.0,0.0,0.0,0.0,0.0,0.0,0.0,0.0,0.0,0.0,0.0
Syrian Arab Republic,,0.0,0.0,0.0,0.0,0.0,0.0,0.0,0.0,0.0,0.0,0.0,0.0,0.0,0.0,0.0,0.0,0.0,0.0,0.0,0.0,0.0,0.0,0.0,0.0,0.0,0.0,0.0,0.0,0.0,0.0,0.0,0.0,0.0,0.0,0.0,0.0
Tajikistan,,85.59264437,93.18559631818181,7.592951948181806,10.75131439,10.781683928277767,0.03036953827776756,42.58490228,45.41111200504005,2.8262097250400515,0.3028515823,0.30285158232370424,2.3704260776469255e-11,1.56431817,1.5643181696903683,-3.096316536499444e-10,43.64596991,49.517058980852376,5.871089070852378,13.49700813,15.635790268524229,2.1387821385242294,11.5525002,12.190914934288282,0.6384147342882809,43.37718652,46.47996072393551,3.1027742039355104,45.93105323,51.49758205049458,5.566528820494575,0.7756222972,0.8950783782447165,0.1194560810447165,299.5753711,327.46194733985345,27.88657623985347
Tanzania,,4516.525599,4588.172686976767,71.64708797676758,18.03634493,18.30645000472073,0.27010507472073186,1680.141048,1706.428929474539,26.287881474539063,0.0,0.0,0.0,0.0,0.0,0.0,3493.683827,3549.7344203527687,56.05059335276883,1271.959635,1292.1100481987544,20.15041319875445,379.1952424,384.9236544572178,5.728412057217838,1844.661064,1873.6162311792864,28.95516717928649,4219.155353,4163.558333441035,-55.59701955896526,70.94510072,72.00842918624905,1.0633284662490468,17494.30321,17648.859183271335,154.55597327133728
Thailand,,11191.26344,11242.534156918493,51.270716918492326,54.65159636,54.82662512740185,0.17502876740184803,4124.469531,4142.801294522009,18.33176352200917,0.351720713,0.3517207129929766,-7.023437387232434e-12,1.816741711,1.8167417114673599,4.673599285354157e-10,8716.229597,8757.103704509243,40.87410750924391,3134.057762,3148.404039916657,14.346277916657073,906.1863289,909.9506604234085,3.7643315234084866,4536.341961,4556.630566401215,20.288605401215136,10447.9595,10210.509638809592,-237.44986119040914,166.8671607,167.5571088360491,0.6899481360491109,43280.19535,43192.48625788853,-87.70909211147227
The Former Yugoslav Republic of Macedonia,,0.0,0.0,0.0,0.0,0.0,0.0,0.0,0.0,0.0,0.0,0.0,0.0,0.0,0.0,0.0,0.0,0.0,0.0,0.0,0.0,0.0,0.0,0.0,0.0,0.0,0.0,0.0,0.0,0.0,0.0,0.0,0.0,0.0,0.0,0.0,0.0
Timor-Leste,,4.048059618,4.048059617114699,-8.853007216202968e-10,0.01644487306,0.016444873059164377,-8.356232372719319e-13,1.512107592,1.5121075918454057,-1.5459433733155947e-10,0.0,0.0,0.0,0.0,0.0,0.0,3.120432051,3.1204320499311513,-1.0688485652110558e-09,1.140419674,1.1404196741174104,1.1741030370160388e-10,0.3448519454,0.34485194528665924,-1.1334078120484037e-10,1.658525923,1.6585259226125588,-3.8744119024158863e-10,3.777357862,3.6671231769105916,-0.11023468508940848,0.06466937341,0.06466937340174071,-8.259282147093927e-12,15.68286891,15.57263422427938,-0.11023468572062001
Togo,,809.5066978,798.4405531886347,-11.066144611365303,47.42562403,47.3846244800908,-0.04099954990920196,335.8055731,331.76301365598147,-4.042559444018536,1.340575092,1.3405750923330373,3.3303737545509193e-10,6.864021868,6.864021867698557,-3.01443314754124e-10,543.9958704,535.3094073374119,-8.686463062588018,187.1129063,184.00267346918716,-3.1102328308128335,87.29311349,86.42139280867369,-0.871720681326309,356.1473928,351.6906415073564,-4.45675129264356,626.7847897,599.0412864648732,-27.74350323512681,10.34130364,10.179861265729695,-0.1614423742703046,3012.617868,2952.438051137971,-60.17981686202893
Tokelau,,0.0,0.0,0.0,0.0,0.0,0.0,0.0,0.0,0.0,0.0,0.0,0.0,0.0,0.0,0.0,0.0,0.0,0.0,0.0,0.0,0.0,0.0,0.0,0.0,0.0,0.0,0.0,0.0,0.0,0.0,0.0,0.0,0.0,0.0,0.0,0.0
Tonga,,0.1244661958,0.12446619578676107,-1.3238923846081718e-11,0.0004966103819,0.0004966103819316991,3.169914417761044e-14,0.04629135207,0.04629135207465797,4.65796845539046e-12,0.0,0.0,0.0,0.0,0.0,0.0,0.09629583921,0.0962958392147522,4.75219863460552e-12,0.03505186775,0.03505186774979852,-2.0147772339385028e-13,0.01044206184,0.010442061841878146,1.8781452088001416e-12,0.05082674532,0.05082674532306575,3.0657490435181955e-12,0.1162778438,0.11294741982371605,-0.0033304239762839555,0.001953417157,0.001953417156863471,-1.3652924277240963e-13,0.4821019333,0.47877150935342483,-0.0033304239465751784
Trinidad and Tobago,,148.2949441,149.88614211067681,1.5911980106768056,3.678294628,3.683789118071261,0.005494490071261016,57.78804919,58.358740071672436,0.5706908816724336,0.0905072638,0.09050726380303077,3.0307700793485992e-12,0.4674968385,0.46749683845042533,-4.957467769628465e-11,108.9599851,110.22582666894621,1.2658415689462146,38.53560618,38.98118005291425,0.44557387291424533,13.3081861,13.426171463526538,0.11798536352653777,62.57737843,63.20866779946491,0.6312893694649091,128.7449442,126.68882352417988,-2.056120675820111,2.063187716,2.084843349553891,0.021655633553891107,564.5085797,567.1021882612597,2.593608561259657
Tunisia,,48.46108072,49.879794898622634,1.4187141786226363,0.1962256159,0.2017243413645491,0.005498725464549076,18.08796261,18.612063017295668,0.5241004072956663,0.0,0.0,0.0,0.0,0.0,0.0,37.38092174,38.48479064288369,1.1038689028836899,13.65170035,14.051050865552805,0.3993505155528041,4.116917362,4.233058776430893,0.11614141443089299,19.84324955,20.41966537413583,0.5764158241358288,45.22992749,45.20533386643231,-0.02459362356768935,0.7716924181,0.7933309707250322,0.021638552625032226,187.7396779,191.88081275344342,4.141134853443418
Turkey,,0.0,0.0,0.0,0.0,0.0,0.0,0.0,0.0,0.0,0.0,0.0,0.0,0.0,0.0,0.0,0.0,0.0,0.0,0.0,0.0,0.0,0.0,0.0,0.0,0.0,0.0,0.0,0.0,0.0,0.0,0.0,0.0,0.0,0.0,0.0,0.0
Turkmenistan,,0.0,0.0,0.0,0.0,0.0,0.0,0.0,0.0,0.0,0.0,0.0,0.0,0.0,0.0,0.0,0.0,0.0,0.0,0.0,0.0,0.0,0.0,0.0,0.0,0.0,0.0,0.0,0.0,0.0,0.0,0.0,0.0,0.0,0.0,0.0,0.0
Turks and Caicos Islands,,0.0,0.0,0.0,0.0,0.0,0.0,0.0,0.0,0.0,0.0,0.0,0.0,0.0,0.0,0.0,0.0,0.0,0.0,0.0,0.0,0.0,0.0,0.0,0.0,0.0,0.0,0.0,0.0,0.0,0.0,0.0,0.0,0.0,0.0,0.0,0.0
Tuvalu,,0.0,0.0,0.0,0.0,0.0,0.0,0.0,0.0,0.0,0.0,0.0,0.0,0.0,0.0,0.0,0.0,0.0,0.0,0.0,0.0,0.0,0.0,0.0,0.0,0.0,0.0,0.0,0.0,0.0,0.0,0.0,0.0,0.0,0.0,0.0,0.0
Uganda,,59920.99328,60259.00581940891,338.01253940890456,4624.633626,4625.821113061912,1.1874870619121793,26052.85227,26174.64202864432,121.78975864432141,130.6201227,130.62012270390943,3.909434553861502e-09,671.5826541,671.5826540824826,-1.7517436390335206e-08,37853.50329,38121.53315412771,268.02986412771133,12631.19959,12725.950846048054,94.75125604805362,6813.695695,6839.1344360751755,25.43874107517513,27316.29841,27450.914366029625,134.61595602962552,42585.21805,41733.1499476881,-852.0681023119032,681.5343655,686.2136046445321,4.679239144532062,219282.1314,219418.5680925147,136.43669251468964
Ukraine,,2939.448571,3016.5799790505066,77.1314080505067,42.0089538,42.30787844116442,0.29892464116441886,1125.131282,1153.624528062662,28.49324606266191,0.8885457268,0.8885457267743976,-2.5602409081670885e-11,4.576349511,4.576349511256083,2.560831546816189e-10,2206.082821,2266.097997180843,60.0151761808429,798.449799,820.1612891533827,21.71149015338267,262.3476358,268.66145669831474,6.313820898314759,1225.105021,1256.442594301011,31.337573301010934,2649.114449,2642.3642401741267,-6.750208825873415,45.13048271,46.306810636511635,1.1763279265116324,11298.28391,11518.011668936553,219.72775893655307
United Arab Emirates,,27.43915659,27.439156595393285,5.3932858179450704e-09,0.1094800877,0.1094800877506322,5.063219288281573e-11,10.20514567,10.205145666741183,-3.258817216078569e-09,0.0,0.0,0.0,0.0,0.0,0.0,21.22886937,21.22886937289561,2.895607309483239e-09,7.727348635,7.727348635251208,2.512079433358849e-10,2.302001505,2.3020015052838265,2.8382673988858187e-10,11.20499438,11.204994378900405,-1.0995950816550248e-09,25.633996,24.89978841241503,-0.7342075875849687,0.4306399735,0.4306399735646613,6.466133184446221e-11,106.2816322,105.54742462819586,-0.7342075718041485
United Kingdom of Great Britain and Northern Ireland,,0.0,0.0,0.0,0.0,0.0,0.0,0.0,0.0,0.0,0.0,0.0,0.0,0.0,0.0,0.0,0.0,0.0,0.0,0.0,0.0,0.0,0.0,0.0,0.0,0.0,0.0,0.0,0.0,0.0,0.0,0.0,0.0,0.0,0.0,0.0,0.0
United States,,754.5837707,754.5837707288066,2.88066530629294e-08,3.0107302,3.0107302003758463,3.7584646506161334e-10,280.644096,280.64409601201623,1.2016243999823928e-08,0.0,0.0,0.0,0.0,0.0,0.0,583.7992959,583.7992958718796,-2.8120325623604003e-08,212.5040487,212.50404875428637,5.428637450677343e-08,63.30562567,63.30562566824992,-1.750080969031842e-09,308.1401894,308.1401893688402,-3.115980007351027e-08,704.9413963,684.750501177723,-20.19089512227697,11.84270857,11.842708574123284,4.1232848246863796e-09,2922.771861,2902.580966356301,-20.190894643699266
Uruguay,,27.26669516,27.522194145834565,0.25549898583456354,0.4045810822,0.4054694466760781,0.0008883644760780962,10.35222251,10.444028364869663,0.09180585486966208,0.008726192986,0.008726192985787383,-2.1261638283309736e-13,0.04507337269,0.045073372690195845,1.9584334154387761e-13,20.61113119,20.814125340781732,0.2029941507817341,7.36351895,7.435095783505844,0.0715768335058442,2.338590899,2.3576490020916383,0.019058103091638134,11.29257158,11.394094118065476,0.10152253806547584,24.55642249,24.116693975157425,-0.43972851484257447,0.3954587919,0.3989598233482597,0.003501031448259695,104.6349922,104.94210956600668,0.30711736600667905
US Virgin Islands,,0.0,0.0,0.0,0.0,0.0,0.0,0.0,0.0,0.0,0.0,0.0,0.0,0.0,0.0,0.0,0.0,0.0,0.0,0.0,0.0,0.0,0.0,0.0,0.0,0.0,0.0,0.0,0.0,0.0,0.0,0.0,0.0,0.0,0.0,0.0,0.0
Uzbekistan,,142.337195,214.2309906324564,71.8937956324564,1.471605375,1.7449620279962452,0.27335665299624523,54.04201143,80.47551569996628,26.433504269966278,0.02605899021,0.02605899020919822,-8.017822517025763e-13,0.1346024067,0.1346024067474107,4.741068648783653e-11,107.8683418,164.01900183620594,56.15066003620595,39.18371098,59.4088552837617,20.225144303761702,12.46005575,18.25008062969049,5.79002487969049,58.99905488,88.10131048930171,29.102255609301707,129.9254056,191.67968085086386,61.754275250863856,2.215965276,3.2919647159250376,1.0759994399250377,548.6640074,821.3630235631243,272.6990161631244
Vanuatu,,16.67572864,16.675728640395427,3.9542769059153215e-10,0.06653485243,0.0665348524292007,-7.993050665788815e-13,6.202021526,6.202021526523673,5.236726607904529e-10,0.0,0.0,0.0,0.0,0.0,0.0,12.90152136,12.901521363241974,3.2419738005273757e-09,4.696178197,4.696178197139376,1.3937562215460275e-10,1.399006281,1.399006281349759,3.497591105627862e-10,6.809664321,6.80966432149993,4.999307634534489e-10,15.57866984,15.13246638340212,-0.4462034565978801,0.2617148714,0.261714871443133,4.31329971739558e-11,64.59103989,64.14483643742459,-0.4462034525754177
Venezuela,,629.3543074,204.2628453329164,-425.0914620670836,2.242786621,0.8149927696755785,-1.4277938513244215,227.1396347,75.96924794967657,-151.17038675032342,0.0,0.0,0.0,0.0,0.0,0.0,498.038078,158.03216276831444,-340.00591523168555,176.2298154,57.524006382209144,-118.70580901779087,47.8967094,17.136582744269706,-30.760126655730293,250.8144565,83.41233178274099,-167.40212471725903,592.2627161,185.35925518065565,-406.9034609193444,8.834878961,3.2057744198004126,-5.629104541199586,2432.813383,785.717199330259,-1647.096183669741
Viet Nam,,0.0,0.0,0.0,0.0,0.0,0.0,0.0,0.0,0.0,0.0,0.0,0.0,0.0,0.0,0.0,0.0,0.0,0.0,0.0,0.0,0.0,0.0,0.0,0.0,0.0,0.0,0.0,0.0,0.0,0.0,0.0,0.0,0.0,0.0,0.0,0.0
Wallis and Futuna Islands,,0.0,0.0,0.0,0.0,0.0,0.0,0.0,0.0,0.0,0.0,0.0,0.0,0.0,0.0,0.0,0.0,0.0,0.0,0.0,0.0,0.0,0.0,0.0,0.0,0.0,0.0,0.0,0.0,0.0,0.0,0.0,0.0,0.0,0.0,0.0,0.0
West Bank and Gaza Strip,,0.0,0.0,0.0,0.0,0.0,0.0,0.0,0.0,0.0,0.0,0.0,0.0,0.0,0.0,0.0,0.0,0.0,0.0,0.0,0.0,0.0,0.0,0.0,0.0,0.0,0.0,0.0,0.0,0.0,0.0,0.0,0.0,0.0,0.0,0.0,0.0
Yemen,,7.77494307,8.096054949475675,0.32111187947567554,0.6161821778,0.6174790967734937,0.0012969189734937103,3.372632972,3.4924297886053255,0.1197968166053256,0.01773799291,0.017737992907431135,-2.5688652594002548e-12,0.09079632593,0.09079632593271852,2.718519853672774e-12,4.887400068,5.135208464809032,0.24780839680903188,1.652592482,1.743056779029035,0.09046429702903502,0.9292961353,0.9565187894888896,0.027222654188889583,3.530873771,3.662318297600907,0.131444526600907,5.540475103,5.669127884977616,0.12865278197761576,0.09528880796,0.10038940599557464,0.005100598035574638,28.50821891,29.5811177755957,1.0728988655957004
Zambia,,20236.19922,20207.884623917656,-28.314596082342177,2806.442844,2806.3455581689354,-0.09728583106470978,9888.275336,9878.133810934323,-10.141525065677342,81.23781156,81.23781156083683,8.368346016141004e-10,417.5638065,417.5638064604422,-3.9557789932587184e-08,10325.47887,10302.932886819242,-22.545983180758412,3075.170806,3067.24458628508,-7.92621971492008,2842.695601,2840.605124896636,-2.090476103363926,10049.21406,10037.99316679268,-11.220893207320842,10586.87002,10280.813620772884,-306.05639922711634,164.1604248,163.7769654789219,-0.3834593210780781,70473.30881,70084.53196208764,-388.7768479123624
Zimbabwe,,52929.8065,53555.89156133162,626.0850613316215,5400.582305,5402.74556497486,2.1632599748600114,24512.04137,24736.627643187356,224.5862731873567,152.7704359,152.77043589336654,-6.633456450799713e-09,787.3938136,787.3938135970711,-2.9289140002219938e-09,30429.66556,30927.675070871555,498.0095108715541,9741.31085,9916.636756329313,175.3259063293135,6523.241702,6569.69024681891,46.448544818909795,25328.33578,25576.762625473995,248.42684547399404,33087.55183,32773.06517830894,-314.48665169105516,521.8486973,530.3747645225325,8.526067222532447,189414.5488,190929.63366130955,1515.0848613095586
,,,0.0,,,0.0,,,0.0,,,0.0,,,0.0,,,0.0,,,0.0,,,0.0,,,0.0,,,0.0,,,0.0,,,0.0,
Sources / More details,,,0.0,,,0.0,,,0.0,,,0.0,,,0.0,,,0.0,,,0.0,,,0.0,,,0.0,,,0.0,,3892.520345,0.0,-3892.520345,,0.0,
WHO groupings (A & B):,,,0.0,,,0.0,,,0.0,,,0.0,,,0.0,,,0.0,,,0.0,,,0.0,,,0.0,,,0.0,,2211955.585,0.0,-2211955.585,,0.0,
Antiretroviral coverage:,,,0.0,,,0.0,,,0.0,,,0.0,,,0.0,,,0.0,,,0.0,,,0.0,,,0.0,,,0.0,,68470.07626,0.0,-68470.07626,,0.0,
Regimen breakdowns,,,0.0,,,0.0,,,0.0,,,0.0,,,0.0,,,0.0,,,0.0,,,0.0,,,0.0,,,0.0,,194717.9202,0.0,-194717.9202,,0.0,
Drugs and manufacturers,,,0.0,,,0.0,,,0.0,,,0.0,,,0.0,,,0.0,,,0.0,,,0.0,,,0.0,,,0.0,,38879.90784,0.0,-38879.90784,,0.0,
,,,0.0,,,0.0,,,0.0,,,0.0,,,0.0,,,0.0,,,0.0,,,0.0,,,0.0,,,0.0,,121820.7041,0.0,-121820.7041,,0.0,
,,,0.0,,,0.0,,,0.0,,,0.0,,,0.0,,,0.0,,,0.0,,,0.0,,,0.0,,,0.0,,,0.0,,,0.0,
,,,0.0,,,0.0,,,0.0,,,0.0,,,0.0,,,0.0,,,0.0,,,0.0,,,0.0,,,0.0,,,0.0,,,0.0,
,,,0.0,,,0.0,,,0.0,,,0.0,,,0.0,,,0.0,,,0.0,,,0.0,,,0.0,,,0.0,,,0.0,,,0.0,
,,,0.0,,,0.0,,,0.0,,,0.0,,,0.0,,,0.0,,,0.0,,,0.0,,,0.0,,,0.0,,,0.0,,,0.0,
,,,0.0,,,0.0,,,0.0,,,0.0,,,0.0,,,0.0,,,0.0,,,0.0,,,0.0,,,0.0,,,0.0,,,0.0,
,,,0.0,,,0.0,,,0.0,,,0.0,,,0.0,,,0.0,,,0.0,,,0.0,,,0.0,,,0.0,,,0.0,,,0.0,
,,,0.0,,,0.0,,,0.0,,,0.0,,,0.0,,,0.0,,,0.0,,,0.0,,,0.0,,,0.0,,,0.0,,,0.0,
,,,0.0,,,0.0,,,0.0,,,0.0,,,0.0,,,0.0,,,0.0,,,0.0,,,0.0,,,0.0,,,0.0,,,0.0,
,,,0.0,,,0.0,,,0.0,,,0.0,,,0.0,,,0.0,,,0.0,,,0.0,,,0.0,,,0.0,,,0.0,,,0.0,
,,,0.0,,,0.0,,,0.0,,,0.0,,,0.0,,,0.0,,,0.0,,,0.0,,,0.0,,,0.0,,,0.0,,,0.0,
